"Sentence #","Word","Tag"
"1","Milly","B-BRAND"
"1","24","O"
"1","SLICES","O"
"1","CHEESE","B-PRODUCT"
"1","SLICES","I-PRODUCT"
"1","Net","O"
"1","Weight","O"
"1",":","O"
"1","480","O"
"1","g","O"
"1","0.53","O"
"1","KB","O"
"1","/","O"
"1","S","O"
"1","""","O"
"1","Suggested","O"
"1","Serving","O"
"1","ony","O"
"1","26","O"
"1","",""
"2","SPICED","B-PRODUCT"
"2","BUTTERMILK","I-PRODUCT"
"2","9.00","O"
"2","Ne","O"
"2","l","O"
"2","26","O"
"2",")","O"
"2","2pcs","O"
"2","Amu","B-BRAND"
"2",".","I-BRAND"
"2","(","O"
"2","1L","O"
"2",")","O"
"2","MAST","O"
"2","A5","O"
"2","MAST","O"
"2","KB","O"
"2","/","O"
"2","S","O"
"2","",""
"3","Partly","O"
"3","Skimmed","O"
"3","Fruit","O"
"3","Yogurt","B-PRODUCT"
"3","epigamia","B-BRAND"
"3","eplgmia","O"
"3","11.0","O"
"3","Ne","O"
"3","l","O"
"3","25","O"
"3",")","O"
"3","KB","O"
"3","/","O"
"3","S","O"
"3","HIGH","O"
"3","PROTEIN","O"
"3","GREEK","O"
"3","YOGURT","O"
"3","alphonso","O"
"3","mango","O"
"3","ZERO","O"
"3","RESERNVATINE","O"
"3","",""
"4","modeRn","O"
"4","moder","O"
"4","DeRn","O"
"4","Omilk","O"
"4","plus","O"
"4","bread","B-PRODUCT"
"4","W","O"
"4","'s","O"
"4","Co","O"
"4","pach","O"
"4","is","O"
"4","pa","O"
"4","calcium","O"
"4","power","O"
"4","of","O"
"4","2thi","O"
"4","1alas","O"
"4","16.0","O"
"4","Ye","O"
"4","l","O"
"4","25","O"
"4","KB","O"
"4","/","O"
"4","S","O"
"4","",""
"5","BAREVR","O"
"5","2","O"
"5","iDY","B-BRAND"
"5","PANEER","B-PRODUCT"
"5","SOFT","O"
"5","&","O"
"5","CREAMYC","O"
"5","FROM","O"
"5","NATURAL","O"
"5","INGREDIENTS","O"
"5","MADE","O"
"5","WITH","O"
"5","LEMON","O"
"5","CONCENTRATE","O"
"5","Ã˜","O"
"5",")","O"
"5","NO","O"
"5","ADOED","O"
"5","PRESERVATIVES","O"
"5","NOT","O"
"5","SYNTHETIC","O"
"5","ACIDS","O"
"5","GCONGITIONSwe","O"
"5","EEED","O"
"5","wONOSATURATO","O"
"5","FATTY","O"
"5","ACI","O"
"5","ANSAA","O"
"5","YADOS","O"
"5","THS","O"
"5","PACK","O"
"5","CoNTAINS","O"
"5","4","O"
"5","SERVINGS","O"
"5","NUTNTIONAL","O"
"5","FACTS","O"
"5","PER","O"
"5","100","O"
"5","WPOK","O"
"5",")","O"
"5",")","O"
"5","PREMIUM","O"
"5","INGREDIENTS","O"
"5","D","O"
"5","OPEy","O"
"5","754","O"
"5","OSTOCARE","B-BRAND"
"5","DETAS","O"
"5","OFRES","O"
"5","FO00","O"
"5","Sie","O"
"5","AVALA","O"
"5","VLA","O"
"5","KASARA","B-PRODUCT"
"5","NOL","O"
"5","ATTIELE","O"
"5","FSSAL","O"
"5","LIC","O"
"5","NO","O"
"5",",","O"
"5","10021043000120","O"
"5","Www.oFREO0D","O"
"5","RESHFOOD.COM","B-BRAND"
"5","SURVEY","O"
"5","NO","O"
"5",".","O"
"5","21/0","O"
"5",",","O"
"5","NCHOLVLAGE","O"
"5",",","O"
"5","NEAR","O"
"5","IOUANEWAL","O"
"5","FSSAL","O"
"5","LIC","O"
"5",".","O"
"5","NO","O"
"5","10018022008962","O"
"5","NET","O"
"5","QUANTITY","O"
"5","USE","O"
"5","BY","O"
"5","DATE","O"
"5","ONLOF","O"
"5","ALL","O"
"5","TAXES","O"
"5","12.0","O"
"5","N","O"
"5","KB","O"
"5","/","O"
"5","S","O"
"5","200","O"
"5","o","O"
"5","Ssai","O"
"5","A","O"
"5",")","O"
"5","PASTEURISED","O"
"5","MILK","O"
"5","8","O"
"5","li906020580572","O"
"5","Lie","O"
"5",".","O"
"5","No","O"
"5",".","O"
"5","10021043000120","O"
"5","OTHER","O"
"5","MADE","O"
"5","IN","O"
"5","INDIA","O"
"5","2Pcs","O"
"5","25","O"
"5","(","O"
"5","200","O"
"5","g","O"
"5",")","O"
"5","FANEER","B-PRODUCT"
"5","",""
"6","SUPER","O"
"6","SAVER","O"
"6","PACK","O"
"6","(","O"
"6","OBN","O"
"6","-ZIP","O"
"6","LOCK","O"
"6","SINCE","O"
"6","1906","O"
"6","*","O"
"6","CORN","B-PRODUCT"
"6","FLAKES","I-PRODUCT"
"6","ORIGINAL","O"
"6","109","O"
"6","Ne","O"
"6","KB","O"
"6","/","O"
"6","S","O"
"6","ENERGYAT","O"
"6","3","O"
"6","HOURS","O"
"6","IRON","O"
"6","SHAKTI","O"
"6","25","O"
"6","",""
"7","GUINOA","B-BRAND"
"7","Due","O"
"7","Elementy","O"
"7","READY","B-PRODUCT"
"7","-","I-PRODUCT"
"7","TO","I-PRODUCT"
"7","-","I-PRODUCT"
"7","COOK","I-PRODUCT"
"7","BREAKFAST","I-PRODUCT"
"7","QUINOA","O"
"7","GLUTEN","O"
"7","FREE","O"
"7","&","O"
"7","100","O"
"7","%","O"
"7","WHOLEGRAIN","O"
"7","HIGH","O"
"7","PROTEIN","O"
"7","|","O"
"7","HIGH","O"
"7","FIBRE","O"
"7","Every","O"
"7","product","O"
"7","has","O"
"7","a","O"
"7","story","O"
"7",",","O"
"7","flip","O"
"7","to","O"
"7","know","O"
"7","ours","O"
"7",".","O"
"7","141","O"
"7","Ye","O"
"7","KB","O"
"7","/","O"
"7","S","O"
"7","25","O"
"7","",""
"8","Bagrry","B-PRODUCT"
"8","'s","I-PRODUCT"
"8","WITH","I-PRODUCT"
"8","CRANBERRIES","I-PRODUCT"
"8","30","O"
"8","%","O"
"8","CRUNCHY-","O"
"8","FRUIT","O"
"8","&","O"
"8","NÅ²T","O"
"8","muesli","O"
"8","EXOTIC","O"
"8","FRUITS","O"
"8","&","O"
"8","NUTS","O"
"8","Bagy","O"
"8","FRUIT","O"
"8","Ná»¤T","O"
"8","9","O"
"8","OTS","O"
"8","&","O"
"8","G34","O"
"8","%","O"
"8","FIBRE","O"
"8","RICH","O"
"8","OATS","O"
"8","NO","O"
"8","ADDED","O"
"8","PRESERVATIVES","O"
"8","Bagy","O"
"8","16.0","O"
"8","50","O"
"8","KB","O"
"8","/","O"
"8","S","O"
"8","GENDARY","O"
"8","OF","O"
"8","LEGEND","O"
"8","25","O"
"8","",""
"9","BagÂ«y","O"
"9",".","O"
"9","wHEY","B-PRODUCT"
"9","PROTEIN","I-PRODUCT"
"9","Bagrry","B-BRAND"
"9","'s","I-BRAND"
"9",".","O"
"9","WHEY","O"
"9","PROTEIN","O"
"9","09","O"
"9","CHOCOLATE","O"
"9","WITH","O"
"9","ALMONDS","O"
"9","ESSSENTIAL","O"
"9","AMINO","O"
"9","ACIDS","O"
"9","STEIN","O"
"9",".","O"
"9","muesli","O"
"9",".","O"
"9","PER","O"
"9","SERY","O"
"9",",","O"
"9","15","O"
"9","NO","O"
"9","ADDED","O"
"9","PRESERVATIVES","O"
"9","Bageys","O"
"9","23.0","O"
"9","KB","O"
"9","/","O"
"9","S","O"
"9","PROTEIN","B-PRODUCT"
"9","100","I-PRODUCT"
"9","%","O"
"9","WHEY","B-BRAND"
"9","GOLD","O"
"9","STANDARD","O"
"9","50","O"
"9","GOODNESS","O"
"9","SLÄ®","O"
"9","MAS","O"
"9","25","O"
"9","",""
"10","ORIGINAL","O"
"10","MYFITNESS","B-BRAND"
"10","PEANUT","B-PRODUCT"
"10","BUTTER","I-PRODUCT"
"10","pink","O"
"10","kimalayan","O"
"10","salt","O"
"10","100","O"
"10","Ye","O"
"10","l","O"
"10","brown","O"
"10","sugarCRUNCHY","O"
"10","KB","O"
"10","/","O"
"10","S","O"
"10","HYFITNESS","O"
"10","Net","O"
"10","Weight:510","O"
"10","g","O"
"10","Images","O"
"10","usad","O"
"10","for","O"
"10","Ã¤lustrative","O"
"10","purpese","O"
"10","only","O"
"10","www.myfitness.co.in","B-BRAND"
"10","BUTER","B-PRODUCT"
"10","25","O"
"10","2pcs","O"
"10","(","O"
"10","510","O"
"10","g","O"
"10",")","O"
"10",")","O"
"10","",""
"11","AASHIRVAAD","B-BRAND"
"11","Qo","O"
"11","AA","O"
"11","MONEY'SAVER","O"
"11","PACK","O"
"11","A","O"
"11","Enduring","O"
"11","Value","O"
"11","SUPERIOR","O"
"11","MPAT","O"
"11","TA","O"
"11","0","O"
"11","%","O"
"11","MAIDA","O"
"11","IOO%","O"
"11","ATTA","B-PRODUCT"
"11","AASHIRVAAD","I-PRODUCT"
"11","100","O"
"11","%","O"
"11","PURE","O"
"11","&","O"
"11","NATURAL","O"
"11","whole","O"
"11","Wheat","B-PRODUCT"
"11","KB","I-PRODUCT"
"11","/","O"
"11","S","O"
"11","MONEY","O"
"11","'","O"
"11","SAVER","O"
"11","PACK","O"
"11","FLIP","O"
"11","PACK","O"
"11","RECIPES","O"
"11","HSV9Y","O"
"11","S","O"
"11","AINOW","O"
"11","25","O"
"11","",""
"12","SUPREME","B-BRAND"
"12","HARVEST","O"
"12","URAD","B-PRODUCT"
"12","WHOLE","I-PRODUCT"
"12","PULSES","I-PRODUCT"
"12","1","O"
"12","kg","O"
"12","Best","O"
"12","VALUE","O"
"12","204","O"
"12","KB","O"
"12","/","O"
"12","S","O"
"12","Ssai","O"
"12","Te","O"
"12","No","O"
"12",":","O"
"12","112229990o0173","O"
"12","25","O"
"12","",""
"13","INDIA","B-BRAND"
"13","GATE","I-BRAND"
"13","BASMATI","B-PRODUCT"
"13","RICE","I-PRODUCT"
"13","fcast","O"
"13","ROzzana","O"
"13","65.0","O"
"13","KB","O"
"13","/","O"
"13","S","O"
"13","KRBL","O"
"13","2pcs","O"
"13","(","O"
"13","5","O"
"13","kg","O"
"13",")","O"
"13","25","O"
"13","",""
"14","Fortune","B-BRAND"
"14","fortune","O"
"14","fortunefoods.com","O"
"14","new","O"
"14",",","O"
"14","pack","O"
"14","biryani","O"
"14","special","O"
"14","basmati","B-PRODUCT"
"14","rice","I-PRODUCT"
"14","146","O"
"14","KB","O"
"14","/","O"
"14","S","O"
"14","AUM","O"
"14","G","O"
"14","extra","O"
"14","long","O"
"14","groin","O"
"14","Not","O"
"14","Weight","O"
"14","5","O"
"14","ko","O"
"14","at","O"
"14","25","O"
"14","",""
"15","8","O"
"15","G","O"
"15","...","O"
"15","Cut","O"
"15","along","O"
"15","here","O"
"15",".","O"
"15","YEAR","O"
"15",":","O"
"15","Aoed","O"
"15","to","O"
"15","Perfection","O"
"15","5","O"
"15","kg","O"
"15","net","O"
"15","weight","O"
"15",",","O"
"15","INDA","B-BRAND"
"15","GATE","I-BRAND"
"15","BASMATI","B-PRODUCT"
"15","RICE","I-PRODUCT"
"15","CLASSIC","O"
"15","CBasmati","O"
"15","Beyond","O"
"15","Compar","O"
"15","NO1","O"
"15","KRD","O"
"15","vaAC","O"
"15",")","O"
"15","13.0","O"
"15","e","O"
"15","l","O"
"15","KB","O"
"15","/","O"
"15","S","O"
"15","25","O"
"15","",""
"16","Fold","O"
"16","Owinner","O"
"16","Befined","O"
"16","SuAouer","O"
"16","Oe","O"
"16","VITAD","B-BRAND"
"16","Cnteies","O"
"16","Omega","O"
"16","6","O"
"16","iternia","O"
"16","E","O"
"16","Pturs","O"
"16","Doet","O"
"16","ow","O"
"16","e","O"
"16","Conartof","O"
"16","the","O"
"16","Pad","O"
"16","70,0","O"
"16","l","O"
"16","KB","O"
"16","/","O"
"16","S","O"
"16","25","O"
"16","",""
"17","Amal","B-BRAND"
"17","(","O"
"17","Amul","O"
"17","SPOON","O"
"17","Vnced","O"
"17","DAY","O"
"17","Pure","B-PRODUCT"
"17","Ghee","I-PRODUCT"
"17","105","O"
"17","KB","O"
"17","/","O"
"17","S","O"
"17","Amul","O"
"17","Gheeismadz","O"
"17","granue","O"
"17","de","O"
"17","25","O"
"17","",""
"18","COW","B-PRODUCT"
"18","CHEE","I-PRODUCT"
"18","TM","O"
"18","(","O"
"18","Heritage","B-BRAND"
"18",")","O"
"18","HEALTH","O"
"18","AND","O"
"18","MAPPINESs","O"
"18","62.0","O"
"18","KB","O"
"18","/","O"
"18","S","O"
"18","(","O"
"18","30","O"
"18",")","O"
"18","SRITA","O"
"18","COW","O"
"18","GHEE","O"
"18","25","O"
"18","",""
"19","Farmley","B-BRAND"
"19","PANCHMEVA","O"
"19","STING","O"
"19","BLACK","B-PRODUCT"
"19","RAISINS","I-PRODUCT"
"19","|","O"
"19","GREEN","O"
"19","RAISINS","O"
"19","ALMONDS","O"
"19","|","O"
"19","CASHEWS|","O"
"19","DICED","O"
"19","DATES","O"
"19","A","O"
"19","CURATED","O"
"19","MIX","O"
"19","OF","O"
"19","HEALTH","O"
"19","&","O"
"19","TASTE","O"
"19","15","O"
"19","%","O"
"19","PROTEIN","O"
"19","CONTENT","O"
"19","85.0","O"
"19","Ye25","O"
"19","KB","O"
"19","/","O"
"19","S","O"
"19","",""
"20","Maggi","B-BRAND"
"20","SEASONING","B-PRODUCT"
"20","TRULY","O"
"20","GOOD","O"
"20","Aromatic","O"
"20","Roasted","O"
"20","Spices","O"
"20","AUTHENTIcITY","O"
"20","ODINE","O"
"20",".","O"
"20","IRONVITAMIN","O"
"20","A","O"
"20","Masala","O"
"20","7.00","O"
"20","Ye","O"
"20","l","O"
"20","25","O"
"20","KB","O"
"20","/","O"
"20","S","O"
"20","2Pcs","O"
"20","1ofGuidelni","O"
"20","(","O"
"20","72","O"
"20","g","O"
"20",")","O"
"20","lfa","O"
"20","serve","O"
"20","^is2","O"
"20","g.","O"
"20","(","O"
"20","cooke","B-PRODUCT"
"20","Fineiictions","O"
"20","Sun","B-BRAND"
"20","DAnurts","I-BRAND"
"20","ef","O"
"20","an","O"
"20","m0o","O"
"20","kcal","O"
"20","Find","O"
"20","out","O"
"20","more","O"
"20","",""
"21","DAILY","B-BRAND"
"21","GO0DNESS","I-BRAND"
"21",",","O"
"21","BAKED","O"
"21","PERFECT","O"
"21",".","O"
"21","RBakera","O"
"21","Den","O"
"21","CHOCOLATE","B-PRODUCT"
"21","ALMOND","I-PRODUCT"
"21","CAKE","I-PRODUCT"
"21","93.0","O"
"21","Ye25","O"
"21",")","O"
"21","HANDMADE","O"
"21","WITH","O"
"21","KB","O"
"21","/","O"
"21","S","O"
"21","DUTCH","O"
"21","COCOA","O"
"21","AND","O"
"21","ALMOND","O"
"21","FLAKES","B-PRODUCT"
"21","&","I-PRODUCT"
"21","INCREDIBLY(MOISD","I-PRODUCT"
"21","LIGHT","O"
"21",",","O"
"21","&","O"
"21","DELICIOUS","O"
"21","!","O"
"21","4","O"
"21","*","O"
"21","HONEST","O"
"21","DOUCH%","O"
"21","ZERO","O"
"21","TRANS","O"
"21","FAT","O"
"21","CRBONuS2","O"
"21","LONE","O"
"21","",""
"22","Contains","O"
"22","Eg","O"
"22",":","O"
"22","KE","O"
"22","GDogaL1Sics","O"
"22","BRITANNIA","B-PRODUCT"
"22","Goboles","O"
"22","fruity","O"
"22","fun","O"
"22","6.00","O"
"22","Ye","O"
"22","25","O"
"22",")","O"
"22","KB","O"
"22","/","O"
"22","S","O"
"22","",""
"23","LOTTE","B-BRAND"
"23","with","O"
"23","Rich","O"
"23","Marshmallow","O"
"23","Premium","O"
"23","Quality","O"
"23","Lotte","O"
"23","Choco","B-PRODUCT"
"23","Pie","I-PRODUCT"
"23","ORIGINAL","O"
"23","100","O"
"23","%","O"
"23","VEGETARIAN","O"
"23","Together","O"
"23","Forever","O"
"23","Season","O"
"23","'s","O"
"23","Greetings","O"
"23","INDIA","O"
"23","'S","O"
"23","18.0","O"
"23","Ne","O"
"23","25","O"
"23","KB","O"
"23","/","O"
"23","S","O"
"23","No","O"
"23",".","O"
"23","I","O"
"23","CHOCO","B-PRODUCT"
"23","PIE","I-PRODUCT"
"23","X18","O"
"23","",""
"24","BRITANNIA","B-BRAND"
"24","Little","B-PRODUCT"
"24","Nearts","I-PRODUCT"
"24","Aaoo.5","O"
"24","icts","O"
"24","BISCUITS","O"
"24","ZERO","O"
"24","Trans","O"
"24","Fat","O"
"24","14.0","O"
"24","Ye","O"
"24","24","O"
"24","KB","O"
"24","/","O"
"24","S","O"
"24","ASSIC","O"
"24","CRUNC","O"
"24","TEAR","O"
"24","HERE","O"
"24","",""
"25","6","O"
"25","Tea","O"
"25","16","O"
"25","%","O"
"25","OFF","O"
"25","Red","B-BRAND"
"25","Label","I-BRAND"
"25","Tea","B-PRODUCT"
"25","1","O"
"25","kg","O"
"25","7504","O"
"25","6O9","O"
"25","(","O"
"25","ZIP","O"
"25","LOCK","O"
"25","Description","O"
"25","BroÃ¶ke","O"
"25","Bond","O"
"25","Red","O"
"25","ubel","O"
"25","33.0","O"
"25","Ye","O"
"25","24","O"
"25","KB","O"
"25","/","O"
"25","S","O"
"25","CUT","O"
"25","ALONGTIIS","O"
"25","ADD","O"
"25","Experience","O"
"25","the","O"
"25","taste","O"
"25","of","O"
"25","togetherness","O"
"25","with","O"
"25","Brooke","B-BRAND"
"25","Bond","I-BRAND"
"25","Red","I-BRAND"
"25","Label","I-BRAND"
"25","Tea","B-PRODUCT"
"25",",","O"
"25","the","O"
"25","perfect","O"
"25","brew","O"
"25","for","O"
"25","every","O"
"25","tea","O"
"25","lover","O"
"25",".","O"
"25","â€¢","O"
"25","Premium","O"
"25","CTC","O"
"25","Tea","O"
"25","Leaves","O"
"25","Processed","O"
"25","at","O"
"25","",""
"26","NESCAFE","B-BRAND"
"26","GOLD","O"
"26","BLEND","O"
"26","Rich","O"
"26","&","O"
"26","Smooth","O"
"26","15Y","O"
"26","l","O"
"26","24","O"
"26","KB","O"
"26","/","O"
"26","S","O"
"26","NORIDIENTS","O"
"26","",""
"27","Colgate","B-BRAND"
"27","Cduate","O"
"27","Colgate","O"
"27","syclable","O"
"27","VISIBLE","O"
"27",",","O"
"27","WHITE","O"
"27","oXYGENATED","O"
"27","WHITENING","B-PRODUCT"
"27","WARMS","I-PRODUCT"
"27","""","O"
"27",".","O"
"27","AND","O"
"27","WHITENS","O"
"27","TEETH","O"
"27","IN","O"
"27","3","O"
"27","DAYS","O"
"27","AROMATIC","O"
"27","MINT","O"
"27","50","O"
"27","62.0","O"
"27","Xe","O"
"27","l","O"
"27","24","O"
"27","KB","O"
"27","/","O"
"27","S","O"
"27","Colgate","B-BRAND"
"27","VISIBLE","O"
"27","WHITE","O"
"27","OXYG","O"
"27","ENATED","O"
"27","WHITENING","B-PRODUCT"
"27","WARMS","I-PRODUCT"
"27",",","O"
"27","AND","O"
"27","WHITENS","O"
"27","TEETH","O"
"27","IN","O"
"27","3","O"
"27","DAYS","O"
"27","AROMATIC","O"
"27","MINT","O"
"27","",""
"28","whispCI","O"
"28","z2Z","O"
"28","TO","O"
"28","NEW","O"
"28","%","O"
"28","OLEAKs","O"
"28",",","O"
"28","ALL","O"
"28","NIGHT","O"
"28","LONG","O"
"28","*","O"
"28","whiÅŸper","B-BRAND"
"28","bindazzZnights","O"
"28","94.0","O"
"28","Ye","O"
"28","24","O"
"28","KB","O"
"28","/","O"
"28","S","O"
"28","Ro1","O"
"28","M","O"
"28",",","O"
"28","NEARLY","O"
"28","40","O"
"28","%","O"
"28","XL+|","O"
"28","15","O"
"28","longer","O"
"28","317","O"
"28","mm","O"
"28","PADS","B-PRODUCT"
"28","&","O"
"28","wider","O"
"28","at","O"
"28","back","O"
"28","",""
"29","14","O"
"29","Units","O"
"29","Stytree","O"
"29","StÃ£ytree","B-BRAND"
"29","106Ye","O"
"29","24","O"
"29","KB","O"
"29","/","O"
"29","S","O"
"29","Dry","O"
"29","-","O"
"29","Max","O"
"29","All","O"
"29","Night","O"
"29","All","O"
"29","Nights","O"
"29","Ultra","O"
"29","-","O"
"29","Dry","O"
"29","Stayfree","O"
"29","2x","O"
"29","BETTER","O"
"29","cOVERAGE","O"
"29","*","O"
"29","ALL","O"
"29","ROUND","O"
"29","THROUGH","O"
"29","THE","O"
"29","NIGHT","O"
"29","""","O"
"29","XXL","O"
"29","Nearly","O"
"29","40","O"
"29","%","O"
"29","Longer","O"
"29","",""
"30","NAN","O"
"30","ECELLApre","O"
"30","Nestle","B-BRAND"
"30","EXCELLApro","O"
"30","NAN","O"
"30","Follow","O"
"30","-","O"
"30","up","O"
"30","Formula","B-PRODUCT"
"30","Powder","I-PRODUCT"
"30","DHA","O"
"30","ARA","O"
"30","121","O"
"30","Ye","O"
"30","l","O"
"30","24","O"
"30","KB","O"
"30","/","O"
"30","S","O"
"30","Vitamins","O"
"30","Calcium","O"
"30",",","O"
"30","A","O"
"30",",","O"
"30","C&D","O"
"30","Zinc","O"
"30","&","O"
"30","Iron","O"
"30","NAN","O"
"30","NÃ¢N","O"
"30","3","O"
"30","Stage","O"
"30","After","O"
"30","12","O"
"30","months","O"
"30","Up","O"
"30","to","O"
"30","24","O"
"30","months","O"
"30","IMPORTANT","O"
"30","NOTICE","O"
"30",":","O"
"30","MOTHER","O"
"30","'S","O"
"30","MILK","O"
"30","IS","O"
"30","BEST","O"
"30","FOR","O"
"30","YOUR","O"
"30","BABY","O"
"30",".","O"
"30","NÄ€N","O"
"30","Jssal","O"
"30","",""
"31","(","O"
"31","NUTRICIA","B-PRODUCT"
"31","40","O"
"31","YEARS","O"
"31","OF","O"
"31","RESEARCH","O"
"31","INSPIRED","O"
"31","BY","O"
"31","EARLY","O"
"31","UIFE","O"
"31","NUTRITION","O"
"31","&","O"
"31","BABY","O"
"31","'S","O"
"31","NUTRITIONAL","O"
"31","NEEDS","O"
"31","GOLD","O"
"31","Aptamil","O"
"31","HMO","O"
"31","(","O"
"31","2'-FLJ","O"
"31","PREBIOTICS","O"
"31","DHA","O"
"31","&","O"
"31","ARA","O"
"31","VITAMINS","B-PRODUCT"
"31","&","I-PRODUCT"
"31","IRON","I-PRODUCT"
"31","INFANT","I-PRODUCT"
"31","FORMULA","I-PRODUCT"
"31","WITH","O"
"31","PREBIOTIC","O"
"31","FIBRES*%","O"
"31","&","O"
"31","HMO","O"
"31","(","O"
"31","2'-FL","O"
"31",")","O"
"31","Aptamil","O"
"31","â€¢HMO","O"
"31","[","O"
"31","2","O"
"31","-","O"
"31","FL","O"
"31","]","O"
"31","IS","O"
"31","NOT","O"
"31","DERIVED","O"
"31","FROM","O"
"31","HUMAN","O"
"31","MILK","O"
"31","IMPORTANT","O"
"31","NOTICE","O"
"31",":","O"
"31","MOTHERS","O"
"31","MILKIS","O"
"31","BEST","O"
"31","FOR","O"
"31","YOUR","O"
"31","BABY","O"
"31",".","O"
"31","76.0","O"
"31","Ye","O"
"31","l","O"
"31","24","O"
"31","KB","O"
"31","/","O"
"31","S","O"
"31","New","O"
"31","with","O"
"31","HMO","O"
"31","(","O"
"31","2","O"
"31","-","O"
"31","FLJP","O"
"31","1","O"
"31","FROM","O"
"31","BIRTH","O"
"31","",""
"32","LACTOGEN","O"
"32","4","O"
"32","NestlÄ“","B-BRAND"
"32","Follow","O"
"32","-","O"
"32","Up","O"
"32","Formula","B-PRODUCT"
"32","-","I-PRODUCT"
"32","powder","I-PRODUCT"
"32","ACTOGEN","O"
"32","PRO","O"
"32","120","O"
"32","Ye","O"
"32","l","O"
"32","24","O"
"32","4","O"
"32","KB","O"
"32","/","O"
"32","S","O"
"32","Whey","O"
"32","Protein","O"
"32","Iron","O"
"32","Vitamin","O"
"32","A","O"
"32",",","O"
"32","C&D","O"
"32","After","O"
"32","18","O"
"32","months","O"
"32","Upto","O"
"32","24","O"
"32","months","O"
"32","IMPORTANT","O"
"32","NOTICE","O"
"32",":","O"
"32","MOTHER","O"
"32","'S","O"
"32","MILK","O"
"32","IS","O"
"32","BEST","O"
"32","FOR","O"
"32","YOUR","O"
"32","BABY","O"
"32",".","O"
"32","&","O"
"32","sai","O"
"32","",""
"33","REMOVES1","B-BRAND"
"33","Wash","O"
"33","Tough","O"
"33","Stains","O"
"33","in","O"
"33","TOP","O"
"33","LOAD","O"
"33","3.2L","O"
"33","MEGA","O"
"33","PACK","O"
"33","3.2","O"
"33","L","O"
"33","=","O"
"33","3.2","O"
"33","kg","O"
"33","ARIEL","O"
"33","TOP","O"
"33","LOAD","O"
"33","MATIC","O"
"33","LIQUID","B-PRODUCT"
"33","DETERGENT","I-PRODUCT"
"33","7.00","O"
"33","Ye","O"
"33","l","O"
"33","24","O"
"33","of","O"
"33","Powder","O"
"33","KB","O"
"33","/","O"
"33","S","O"
"33","",""
"34","Detergent","B-PRODUCT"
"34","Baby","O"
"34","Laundry","B-PRODUCT"
"34","Detergent","I-PRODUCT"
"34","Kemove","O"
"34","LuvLap","O"
"34","100","O"
"34","%","O"
"34","Biodegradable","O"
"34","Anti","O"
"34","Bacterial","O"
"34","Concentrated","O"
"34","Formula","O"
"34","Free","O"
"34","from","O"
"34","Phosphate","O"
"34","&","O"
"34","Fluorescence","O"
"34","23.0","O"
"34","Ye","O"
"34","24","O"
"34","Net","O"
"34","Volume","O"
"34",":","O"
"34","1L","O"
"34","KB","O"
"34","/","O"
"34","S","O"
"34","",""
"35","Buy","O"
"35","1","O"
"35","Get","O"
"35","1","O"
"35","FREE","O"
"35","""","O"
"35","wipro","B-BRAND"
"35",")","O"
"35","Safe","O"
"35","washn","O"
"35","Liquid","B-PRODUCT"
"35","Detergent","I-PRODUCT"
"35","Colour","O"
"35","Protection","O"
"35","GuÃ¼Expert","O"
"35","for","O"
"35","75","O"
"35","+","O"
"35","washesA","O"
"35","80,0","O"
"35","Ye","O"
"35","l","O"
"35","24","O"
"35","KB","O"
"35","/","O"
"35","S","O"
"35","DUAL","O"
"35","ACTION","O"
"35","DETERGENT","O"
"35","D0SACE","O"
"35","",""
"36","AIR","B-BRAND"
"36","WICk","I-BRAND"
"36","24/7","O"
"36","with","O"
"36","OdÃ¸r","O"
"36","Stop","O"
"36","â„¢","O"
"36","Technology","O"
"36","FRESH","B-PRODUCT"
"36","MATIC","I-PRODUCT"
"36","AUTOSPRAY","I-PRODUCT"
"36","Lavender","O"
"36","&","O"
"36","Lotus","O"
"36","89.0","O"
"36","Ye","O"
"36","l","O"
"36","24","O"
"36","KB","O"
"36","/","O"
"36","S","O"
"36","UP","O"
"36","TO","O"
"36","70","O"
"36","DAYS","O"
"36","*","O"
"36","7ODAYS","O"
"36","247","O"
"36","000us","O"
"36","Lavendor","O"
"36","&","O"
"36","Let","O"
"36","",""
"37","Air","B-PRODUCT"
"37","Freshener","I-PRODUCT"
"37","Light","O"
"37","&","O"
"37","fresh","O"
"37","Lavender","O"
"37","Odour","O"
"37","Neutralizer","O"
"37","50","O"
"37","g","O"
"37","Air","O"
"37","Freshen","O"
"37","10.0","O"
"37","Ne","O"
"37","l","O"
"37","24","O"
"37","KB","O"
"37","/","O"
"37","S","O"
"37","home","O"
"37","truths","O"
"37","","O"
"37","A","O"
"37","Enduring","O"
"37","Value","O"
"37","101","O"
"37","DALMATIANs","O"
"37","cDisney","O"
"37","Customize","O"
"37","your","O"
"37","notebook","B-PRODUCT"
"37","covers","O"
"37","at","O"
"37","www.classmateshop.com","B-BRAND"
"37","108Ye","O"
"37","l","O"
"37","24","O"
"37","Classm","O"
"37","KB","O"
"37","/","O"
"37","S","O"
"37","clAsSMAte","O"
"37","2018","O"
"37","notebook","O"
"37","brand","O"
"37","is","O"
"37","nowa","O"
"37","Sur","O"
"37","erbrand","O"
"37","""","O"
"37","Survey","O"
"37","conducted","O"
"37","by","O"
"37","lMRB","O"
"37","in","O"
"37","July","O"
"37","2018","O"
"37",".","O"
"37","",""
"38","edu","O"
"38","GAMES","O"
"38","inside","O"
"38","LEARN","O"
"38","WHILE","O"
"38","YoU","O"
"38","PLAY","O"
"38","14.0Ye","O"
"38","l","O"
"38","24","O"
"38","KB","O"
"38","/","O"
"38","S","O"
"38","clAssMAte","B-BRAND"
"38","EQUESTBJAN","O"
"38","",""
"39","Enduring","O"
"39","Valu","O"
"39","91.9Ye","O"
"39","l","O"
"39","24","O"
"39","SP","O"
"39","KB","O"
"39","/","O"
"39","S","O"
"39","clAsSMAte","B-BRAND"
"39","CHHOTA","O"
"39","",""
"40","3249053","O"
"40","Dettol","B-BRAND"
"40","BE","O"
"40","100","O"
"40","%","O"
"40","SURE","O"
"40","RICOMME","O"
"40","NOED","O"
"40","BY","O"
"40","iNDIAN","O"
"40","MEDICAL","O"
"40","ASSOCATION","O"
"40","ORIGINAL","O"
"40","GERM","O"
"40","DEFENCE","O"
"40","LIQUID","B-PRODUCT"
"40","HANDWASH","I-PRODUCT"
"40","PROTECTS","O"
"40","FROM","O"
"40","99.99","O"
"40","%","O"
"40","NEW","O"
"40","&","O"
"40","IMPROVED","O"
"40","FORMULA","O"
"40","""","O"
"40","ILLNESS","O"
"40","CAUSING","O"
"40","GERMS","O"
"40","*","O"
"40","OISTUA","O"
"40","SOF1","O"
"40","WANDS","O"
"40","",""
"41","Gmston","B-BRAND"
"41","Bata","I-BRAND"
"41","ish","O"
"41","INDOOR","B-PRODUCT"
"41","AQUA","I-PRODUCT"
"41","&","I-PRODUCT"
"41","PLANTS","I-PRODUCT"
"41","6","O"
"41","Fighter","O"
"41","fish","O"
"41","can","O"
"41","survive","O"
"41","upto","O"
"41","4","O"
"41","days","O"
"41","without","O"
"41","food","O"
"41","Instructions","O"
"41",":","O"
"41","-","O"
"41","Feed.2","O"
"41","Pellets","O"
"41","/day","O"
"41","Change","O"
"41","water","O"
"41","7","O"
"41","to","O"
"41","10","O"
"41","day","O"
"41","'s","O"
"41","9031","O"
"41","1123","O"
"41","Amston","O"
"41",",","O"
"41","No","O"
"41",".","O"
"41","73","O"
"41",",","O"
"41","Sy","O"
"41",".","O"
"41","No","O"
"41",".","O"
"41","6","O"
"41",",","O"
"41","Bandapura","O"
"41","Village","O"
"41",",","O"
"41","Bangalore-560","O"
"41","049","O"
"41",",","O"
"41","Phone:9353899395","O"
"41","",""
"42","Peppermint","B-PRODUCT"
"42","ce","O"
"42","70X","O"
"42","Langer","O"
"42","lasting","O"
"42","COoling","O"
"42","Colgate","B-BRAND"
"42","Blue","O"
"42","Gel","O"
"42","Anticavity","O"
"42","Toothpaste","O"
"42","with","O"
"42","COOLING","O"
"42","CRYSTALS","O"
"42","Maxfresh","O"
"42","NEW","O"
"42","",""
"43","EVETEX","O"
"43","Pallavi","O"
"43","KUMKUM","O"
"43","MAROON","O"
"43","",""
"44","REMOVES","O"
"44","99.9","O"
"44","%","O"
"44","GERMS","O"
"44","FROM","O"
"44","THE","O"
"44","WHOLE","O"
"44","MOUTH","O"
"44","MOUTHWASH","B-PRODUCT"
"44","LISTERINE","B-BRAND"
"44","309120","O"
"44","ORIGINAL","O"
"44","250","O"
"44","ml","O"
"44","TO","O"
"44","HELP","O"
"44","PREVENT","O"
"44","GUM","O"
"44","PROBLEMS","O"
"44",",","O"
"44","BAD","O"
"44","BREATH","O"
"44","AND","O"
"44","PLAQUE","O"
"44","308633","O"
"44","",""
"45","Permethin","B-BRAND"
"45","Cream","B-PRODUCT"
"45","Perlice","I-PRODUCT"
"45","'","O"
"45","CRÃˆME","O"
"45","RINSE","O"
"45","CURATIO","O"
"45","",""
"46","MRP","O"
"46","inclusive","O"
"46","o","O"
"46","of","O"
"46","all","O"
"46","taxes","O"
"46","provmsdds","O"
"46","BNo","O"
"46",".","O"
"46","Md","O"
"46","239.23","O"
"46","36","O"
"46","L1","O"
"46","4","O"
"46","03/23","O"
"46","0","O"
"46","2/","O"
"46","25","O"
"46","Manutactured","O"
"46","by","O"
"46",":","O"
"46","Encube","O"
"46","Ethicals","O"
"46","Pot","O"
"46","No","O"
"46",".","O"
"46","C1","O"
"46",",","O"
"46","Madkaim","O"
"46","Ind.","O"
"46","Estate","O"
"46",",","O"
"46","Madkaim","O"
"46","Post","O"
"46","Mardol","O"
"46",",","O"
"46","Ponda","O"
"46",",","O"
"46","Goa","O"
"46","-","O"
"46","403","O"
"46","404","O"
"46",",","O"
"46","nda","O"
"46","Marketed","O"
"46","by","O"
"46",":","O"
"46","CURATIO","O"
"46","Curatio","O"
"46","Health","O"
"46","Care","O"
"46","(","O"
"46",")","O"
"46","Private","O"
"46","Limited","O"
"46","Mamatha","O"
"46","Complex","O"
"46",",","O"
"46","4th","O"
"46","Floor","O"
"46",",","O"
"46","No","O"
"46",".","O"
"46","25/13","O"
"46",",","O"
"46","Whites","O"
"46","Road","O"
"46",".","O"
"46",",","O"
"46","Royapettah","O"
"46",",","O"
"46","Chennai-","O"
"46","600","O"
"46","014","O"
"46",",","O"
"46","India","O"
"46",".","O"
"46","Avoid","O"
"46","contact","O"
"46","with","O"
"46","eyes","O"
"46",".","O"
"46","Never","O"
"46","use","O"
"46","Perlice","O"
"46","'","O"
"46","g","O"
"46","crÃªme","O"
"46","rinse","O"
"46","on","O"
"46","eyelÃ¡shes","O"
"46","or","O"
"46","eyebrows","O"
"46","Store","O"
"46","at","O"
"46","a","O"
"46","temperature","O"
"46","not","O"
"46","exceeding","O"
"46","25C","O"
"46","Do","O"
"46","not","O"
"46","freeze","O"
"46","Pt","O"
"46","L","O"
"46","Keep","O"
"46","out","O"
"46","of","O"
"46","reach","O"
"46","of","O"
"46","children","O"
"46",".","O"
"46","Shake","O"
"46","well","O"
"46","before","O"
"46","use","O"
"46","FOR","O"
"46","EXTERNAL","O"
"46","USE","O"
"46","ONLY","O"
"46","wite","O"
"46","to","O"
"46",".","O"
"46","Customercaret","O"
"46","Ocuratioheathcara","O"
"46","a","O"
"46","queries","O"
"46",",","O"
"46","please","O"
"46","call","O"
"46",":","O"
"46","+91","O"
"46","96770","O"
"46","4868","O"
"46","Mig","O"
"46",".","O"
"46","Lic","O"
"46",".","O"
"46","No","O"
"46",".","O"
"46","361","O"
"46","Â®","O"
"46","Hegistered","O"
"46","Tade","O"
"46","kh","O"
"46","",""
"47","AXE","B-BRAND"
"47","GOLD","O"
"47","TEMPTATION","O"
"47","EXOTIC","O"
"47","SPICED","O"
"47","FRAGRANCE","O"
"47","BODYSPRAY","B-PRODUCT"
"47","DEODORANT","I-PRODUCT"
"47","48H","O"
"47","DUAL","O"
"47","ACTION","O"
"47","TECHNOLOGY","O"
"47","DEN","O"
"47","VER","O"
"47","Morning","O"
"47","Fresh","O"
"47","POV","O"
"47","WER","O"
"47","RLast","O"
"47","TochnologY","O"
"47","xx","O"
"47","Derver","O"
"47","ngineered","O"
"48","willh","O"
"48","OIRECTION","O"
"48",":","O"
"48","Shake","O"
"48","can","O"
"48","well","O"
"48","betors","O"
"48","WARNING","O"
"48",":","O"
"48","ContenS","O"
"48","Under","O"
"48","yo","O"
"48","ANROSe","O"
"48","lO","O"
"48","Sn","O"
"48","or","O"
"48","heat","O"
"48","abOve","O"
"48","50","O"
"48","Â°","O"
"48","C","O"
"48","CIerate","O"
"48","Container","O"
"48","even","O"
"48","wherneMpy","O"
"48","atth","O"
"48","ve","O"
"48","or","O"
"48","incandescent","O"
"48","b0dy","O"
"48","Keep","O"
"48","aNay","O"
"48","ro","O"
"48","HO","O"
"48","inhale","O"
"48",".","O"
"48","Do","O"
"48","not","O"
"48","use","O"
"48","in","O"
"48","any","O"
"48","way","O"
"48","he","O"
"48","product","O"
"48","is","O"
"48","intended","O"
"48",".","O"
"48","hlorofluorocarbons","O"
"48",")","O"
"48",".","O"
"48","Avoid","O"
"48","contacty","O"
"48","NGREDIENTS","O"
"48",":","O"
"48","Propellant","O"
"48","(","O"
"48","Butane","O"
"48",",","O"
"48","Prop","O"
"48","ACohol","O"
"48","Denatured","O"
"48",",","O"
"48","Fragrance","O"
"48",",","O"
"48","DM","O"
"48","Wats","O"
"48","Giycol","O"
"48",",","O"
"48","Diethyl","O"
"48","phthalate","O"
"48",",","O"
"48","Tri","O"
"48","tEthyi","O"
"48","Citrate","O"
"48",".","O"
"48","Alcohol","O"
"48","w","O"
"48","/","O"
"48","w","O"
"48",",","O"
"48","Ethyl","O"
"48","Alcoh","O"
"48","with","O"
"48","1","O"
"48","%","O"
"48","W","O"
"48","/","O"
"48","w","O"
"48","Diethyl","O"
"48","Phthalate","O"
"48",".","O"
"48","FOR","O"
"48","FEEDBACK","O"
"48","OR","O"
"48","C","O"
"48","the","O"
"48","body","O"
"48",".","O"
"48","and","O"
"48","spray","O"
"48",".","O"
"48","or","O"
"48","children","O"
"48","under","O"
"48","3","O"
"48","years","O"
"48",".","O"
"48","Flammable","O"
"48",",","O"
"48","EOR","O"
"48","SUGGESTIONS","O"
"48",".","O"
"48","Content","O"
"48","36","O"
"48","%","O"
"48","MRP","O"
"48",".","O"
"48","MKtd","O"
"48","By","O"
"48",":","O"
"48","VANESA","O"
"48","CARE","O"
"48","PVT","O"
"48",".","O"
"48","LTD.18","O"
"48",",","O"
"48","G5","O"
"48","New","O"
"48","Delhi-1","O"
"48","110005","O"
"48","Customer","O"
"48","Care","O"
"48","No","O"
"48",".","O"
"48","r","O"
"48","E","O"
"48","-","O"
"48","mail","O"
"48",":","O"
"48","ccare@vanesa.co.in","O"
"48",",","O"
"48","Web","O"
"48","..","O"
"48","ww.are","O"
"48","MMd","O"
"48","By","O"
"48",":","O"
"48","(","O"
"48","A","O"
"48",")","O"
"48","VANESA","O"
"48","COSMETICS","O"
"48","196/18","O"
"48","Johron","O"
"48",",","O"
"48","Trilokpur","O"
"48","road","O"
"48",",","O"
"48","Kala","O"
"48","Amb","O"
"48",",","O"
"48","Dist","O"
"48","ML","O"
"48","No","O"
"48",".","O"
"48","HIM","O"
"48","/","O"
"48","COS/06/93","O"
"48",".","O"
"48","St","O"
"48","Exc","O"
"48",".","O"
"48","Lic","O"
"48",".","O"
"48","No","O"
"48",".","O"
"48",":","O"
"48","SIM","O"
"48","/","O"
"48","M&TP","O"
"48","/","O"
"48","L-1/07/2008","O"
"48","-","O"
"48","09","O"
"48","B","O"
"48",")","O"
"48","VANESA","O"
"48","COSMETICS","O"
"48","PVT","O"
"48",".","O"
"48","LTD","O"
"48",".","O"
"48",",","O"
"48","Baroit","O"
"48","Area","O"
"48",",","O"
"48","Distt","O"
"48",".","O"
"48","Sonepat","O"
"48",",","O"
"48","Haryana-","O"
"48","131","O"
"48","104","O"
"48","ML","O"
"48","No","O"
"48",".","O"
"48","251","O"
"48","COS(H","O"
"48",")","O"
"48",",","O"
"48","St.","O"
"48","Exc","O"
"48",".","O"
"48","Lic","O"
"48",".","O"
"48","No","O"
"48",".","O"
"48",":","O"
"48","L42","O"
"48","Net","O"
"48","Contents","O"
"48",":","O"
"48","MFD","O"
"48",".","O"
"48","(","O"
"48","tragra","O"
"48","OLOF","O"
"48","ALL","O"
"48","TAXES","O"
"48",")","O"
"48","BATCH","O"
"48","NO","O"
"48",".","O"
"48","USE","O"
"48","BEFORE","O"
"48","Vanesa","O"
"48","165","O"
"48","ml/106","O"
"48","g","O"
"48","RS","O"
"48",".","O"
"48","220","O"
"48",".","O"
"48","00","O"
"48","03/2021","O"
"48","..","O"
"48","E","O"
"48","-","O"
"48","DiF","O"
"48","$","O"
"48","220","O"
"48","02/2024","O"
"48","",""
"49","WORLD","O"
"49","'S","O"
"49","NO.1","O"
"49","HAIR","B-PRODUCT"
"49","OIL","I-PRODUCT"
"49","NEW","O"
"49","PACK","O"
"49","Dabur","B-BRAND"
"49","Aula","O"
"49","STRONG","O"
"49","LONGER","O"
"49","sTHICKER","O"
"49","Hai","O"
"49","Store","O"
"49","away","O"
"49","fam","O"
"49","snlight","O"
"49","Based","O"
"49","on","O"
"49","independent","O"
"49","agency","O"
"49","report","O"
"49",".","O"
"49","For","O"
"49","detai","O"
"49","Visit","O"
"49","daburamla.com","B-BRAND"
"49","Dabur","O"
"49","Amla","O"
"49","Hair","B-PRODUCT"
"49","OiI","I-PRODUCT"
"49","Stronger","O"
"49",",","O"
"49","Longer","O"
"49",",","O"
"49","Thicker","O"
"49","Halr","O"
"49","8ll901","O"
"49","207l0","O"
"49","19029||","O"
"49","Net","O"
"49","Vol","O"
"49","..","O"
"49","For","O"
"49","nane","O"
"49","and","O"
"49","addresSs","O"
"49","of","O"
"49","mig","O"
"49",".","O"
"49","unit","O"
"49",",","O"
"49","read","O"
"49","tihe","O"
"49","lirst","O"
"49","huo","O"
"49","ctaracta","O"
"49","of","O"
"49","batch","O"
"49","code","O"
"49","&","O"
"49","see","O"
"49","below","O"
"49",":","O"
"49","BM","O"
"49",")","O"
"49","Dabur","O"
"49","India","O"
"49","Limited","O"
"49",",","O"
"49","Village","O"
"49","Manakpur","O"
"49",",","O"
"49","Tehsil","O"
"49","Baddi","O"
"49",",","O"
"49","DÃ­stt","O"
"49",".","O"
"49","Solan","O"
"49",",","O"
"49","HP","O"
"49","-","O"
"49","174101","O"
"49",",","O"
"49","M","O"
"49","-","O"
"49","HIM","O"
"49","/","O"
"49","COS/","O"
"49","09/140","O"
"49",".","O"
"49","BT","O"
"49",")","O"
"49","Dabur","O"
"49","India","O"
"49","Limited","O"
"49",",","O"
"49","I.G.C.","O"
"49",",","O"
"49","Balipara","O"
"49",",","O"
"49","P.0.-Ghoramari","O"
"49",",","O"
"49","Distt","O"
"49",".","O"
"49","Sonitpur","O"
"49","-784105","O"
"49",",","O"
"49","Assam","O"
"49",",","O"
"49","M","O"
"49","-","O"
"49","C-42M/2017","O"
"49",".","O"
"49","Regd","O"
"49",".","O"
"49","Office","O"
"49","&","O"
"49","Consumer","O"
"49","Cell","O"
"49",":","O"
"49","83","O"
"49",",","O"
"49","Asaf","O"
"49","Ali","O"
"49","Road","O"
"49",",","O"
"49","New","O"
"49","DelhÃ­-","O"
"49","110002","O"
"49",",","O"
"49","E","O"
"49","-","O"
"49","mail","O"
"49",":","O"
"49","daburcares@dabur.com","O"
"49",",","O"
"49","Toll","O"
"49","Free","O"
"49",":","O"
"49","1800","O"
"49","-","O"
"49","103","O"
"49","-","O"
"49","1644","O"
"49",".","O"
"49","INGREDIENTS","O"
"49",":","O"
"49","Mineral","O"
"49","Oil","O"
"49","49.8","O"
"49","%","O"
"49",",","O"
"49","Vegetable","O"
"49","Oiis","O"
"49","including","O"
"49","Amla","O"
"49","extract","O"
"49","473","O"
"49","%","O"
"49",",","O"
"49","Sugandhit","O"
"49","dravya","O"
"49",",","O"
"49","Antioxidant","O"
"49","-","O"
"49","TBHO","O"
"49",",","O"
"49","C.L-12740","O"
"49",",","O"
"49","C.l.-61565","O"
"49","&","O"
"49","GI-26100","O"
"49","12231707o","O"
"49","450","O"
"49","ml","O"
"49","See","O"
"49","below","O"
"49","MRP","O"
"49","Rs","O"
"49",",","O"
"49","(","O"
"49","incl","O"
"49","..","O"
"49","of","O"
"49","all","O"
"49","taxes","O"
"49",")","O"
"49",".","O"
"49","Batch","O"
"49","No","O"
"49",".","O"
"49","Mfd","O"
"49",".","O"
"49","&","O"
"49","Use","O"
"49","before","O"
"49","Rs","O"
"49","199","O"
"49","00","O"
"49","BTO1036","O"
"49","10/20","O"
"49","10/23","O"
"49","Bottle","O"
"49","RD","O"
"49","No.252839","O"
"49","",""
"50","Paracute","B-BRAND"
"50","ADVANSEDM","O"
"50","COcONUT","B-PRODUCT"
"50","HAIR","I-PRODUCT"
"50","olL","I-PRODUCT"
"50","With","O"
"50","100","O"
"50","%","O"
"50","pure","O"
"50","COconut","O"
"50","ot","O"
"50","for","O"
"50","long","O"
"50","&","O"
"50","strong","O"
"50","hai","O"
"50","",""
"51","NET","O"
"51","OTY","O"
"51","Vetale","B-BRAND"
"51","M","O"
"51","Code","O"
"51","FHHO05","O"
"51","MED","O"
"51","DEEP","O"
"51","FOR","O"
"51","LOHGB","O"
"51","W","O"
"51","STRONG","O"
"51","C","O"
"51","KHAIR","O"
"51","US","O"
"51","BEFORE","O"
"51",":","O"
"51","BATCH","O"
"51","NO","O"
"51",".","O"
"51","190","O"
"51","ml","O"
"51","nct","O"
"51","ot","O"
"51","all","O"
"51","taxes","O"
"51",")","O"
"51","SEE","O"
"51","ABOVE","O"
"51","",""
"52","Oghngis","O"
"52","""","O"
"52","buds","O"
"52","'","O"
"52","provmsdds","O"
"52","7IPS","O"
"52","Gentle","O"
"52","cleansing","O"
"52","around","O"
"52","the","O"
"52","earS","O"
"52","",""
"53","sppsuOJt","O"
"53","Masala","B-PRODUCT"
"53","India","O"
"53","'s","O"
"53","Magic","O"
"53","URE","O"
"53","GHIP","O"
"53",".","O"
"53","25","O"
"53","%","O"
"53",",","O"
"53","20","O"
"53","",""
"54","GLIITE","O"
"54","FREE","O"
"54","500","O"
"54","100a","O"
"54","CAB","O"
"54","AIDE","O"
"54","MOVIE","O"
"54","provmsdds","O"
"54","o00","O"
"54","SERVIC","O"
"54","OROCERY","O"
"54","CORNITOS","B-BRAND"
"54","Nacho","B-PRODUCT"
"54","Grisps","I-PRODUCT"
"54","CHEESE","O"
"54","AND","O"
"54","HERBS","O"
"54","SOME","O"
"54","THINGS","O"
"54","APE","O"
"54","MADE","O"
"54","FOR","O"
"54","EACHY","O"
"54","UKE","O"
"54","THE","O"
"54","UNIQUE","O"
"54","COMBINA","O"
"54","CHEDDAR","O"
"54","CHEESE","O"
"54","&","O"
"54","COOLITALIA","O"
"54","DIE","O"
"54","-","O"
"54","HARD","O"
"54","CHEESE","O"
"54","LOVER","O"
"54","OR","O"
"54","SIMPLY","O"
"54","YOU'L","O"
"54","FAVLIN","O"
"54","LOVE","O"
"54","FOA","O"
"54","",""
"55","TTA","B-BRAND"
"55","Atta","O"
"55","Noodi","B-BRAND"
"55",":","O"
"55","Break","O"
"55","the","O"
"55","(","O"
"55","apptox","O"
"55",".","O"
"55","1","O"
"55","cup","O"
"55",")","O"
"55","of","O"
"55","â€¢TASTEMAKERO","O"
"55","T0","O"
"55","225","O"
"55","Add","O"
"55","Noodles","O"
"55","tnd","O"
"55","Maa","O"
"55","Lald","O"
"55","Lar","O"
"55","1","O"
"55","driain","O"
"55","rete","O"
"55","0CcaSIo","O"
"55","PREPARATION","O"
"55","instant","O"
"55","Noodles","O"
"55","average","O"
"55","adulr","O"
"55","{","O"
"55","2000","O"
"55","72.5","O"
"55","g","O"
"55","%","O"
"55","of","O"
"55","Guidetine","O"
"55","Daily","O"
"55","Amounts","O"
"55","of","O"
"55","a","O"
"55","ber","O"
"55","neodtes","O"
"55","VEG","O"
"55","ATTA","O"
"55","sala","O"
"55","121","O"
"55","serve","O"
"55","is","O"
"55","23","O"
"55","kcall","O"
"55","8.0","O"
"55","9","O"
"55","SO","O"
"55","a","O"
"55","source","O"
"55","of","O"
"55","unte","O"
"55","NASQ","O"
"55","CES","O"
"55","&","O"
"55","he","O"
"55","Belicious","O"
"55","Ifa","O"
"55","1.59","O"
"55","584.2","O"
"55","K","O"
"55","Magg","O"
"55","Nuti","O"
"55","-","O"
"55","licious","O"
"55","Suggested","O"
"55","arnishing","O"
"55","",""
"56","sppsuaoJd","O"
"56","100%CoFFEE","B-PRODUCT"
"56","PURE","O"
"56","CLASSIC","O"
"56","NESCAFE","B-BRAND"
"56",".","O"
"56","POWDER","O"
"56","SOLJBLE","O"
"56","COFFEE","O"
"56","Adn","O"
"56","",""
"57","Dabu","B-BRAND"
"57","Chyawanash","B-PRODUCT"
"57","3x","O"
"57","MIMUNITY","O"
"57","ICTION","O"
"57","tUNICALI","O"
"57","TESTEL","O"
"57","",""
"58","A","O"
"58","TATA","B-BRAND"
"58","Produc","O"
"58","FARSJA","O"
"58","Crisp","O"
"58","&","O"
"58","Chatpata","O"
"58","Aloo","B-PRODUCT"
"58","Bhujia","I-PRODUCT"
"58","Tuded","O"
"58","Fried","O"
"58","Indian","O"
"58","Snack","O"
"58","",""
"59","48","O"
"59","de","O"
"59",",","O"
"59","Arwter","O"
"59","Dred","O"
"59","Tomatoes","B-PRODUCT"
"59","per","O"
"59","Sere","O"
"59","Solt","O"
"59","Acitty","O"
"59","Regulator","O"
"59","Flavouing","O"
"59","14.99","O"
"59","0.00","O"
"59","32.99","O"
"59","31.34","O"
"59","Powder","O"
"59","Re","O"
"59","0.00","O"
"59","30.00","O"
"59","don","O"
"59","the","O"
"59","basis","O"
"59","e","O"
"59","adult","O"
"59","per","O"
"59","day","O"
"59",".","O"
"59","ivate","O"
"59","Limited","O"
"59",",","O"
"59","Plot","O"
"59","Rajasthan-","O"
"59","342304","O"
"59","Buiding","O"
"59",",","O"
"59","2-","O"
"59","floot","O"
"59",",","O"
"59","STORE","O"
"59","IN","O"
"59","AN","O"
"59","diligently","O"
"59","processed","O"
"59","Seasoned","O"
"59","wth","O"
"59","a","O"
"59","zesty","O"
"59","mix","O"
"59","of","O"
"59","traditional","O"
"59","spices","O"
"59","which","O"
"59","is","O"
"59","the","O"
"59","Fabsta","O"
"59",",","O"
"59","a","O"
"59","brand","O"
"59","from","O"
"59","the","O"
"59","Tata","O"
"59","Group","O"
"59",",","O"
"59","comes","O"
"59","with","O"
"59","a","O"
"59","promise","O"
"59","lantalize","O"
"59","you","O"
"59","taste","O"
"59","buds","O"
"59","with","O"
"59","this","O"
"59","crispy","O"
"59","and","O"
"59","i","O"
"59","iesistibly","O"
"59","tasty","O"
"59","unforgettable","O"
"59","culinary","O"
"59","experience","O"
"59","that","O"
"59","brings","O"
"59","families","O"
"59","togethe","O"
"59","of","O"
"59","happiness","O"
"59",".","O"
"59","Fabsta","O"
"59","Aloo","O"
"59","Bhuia","O"
"59","is","O"
"59","made","O"
"59","from","O"
"59","diligenty","O"
"59","FOR","O"
"59","CUSTOMER","O"
"59","FEEDBACK","O"
"59","CO","O"
"59","MPLANT","O"
"59",".","O"
"59","WRITE","O"
"59","TO","O"
"59","MANAGER","O"
"59","CONSUMER","O"
"59","VAREA","O"
"59","&","O"
"59","MARKETED","O"
"59","BY","O"
"59","ADDRESS","O"
"59","OR","O"
"59","CALL","O"
"59","US","O"
"59","AT","O"
"59","09029002233","O"
"59","OR","O"
"59","EMAIL","O"
"59","US","O"
"59","AT","O"
"59","STARHELP@TRENT","O"
"59","-","O"
"59","TATA.COM","O"
"59","NET","O"
"59","QUANTITY","O"
"59",":","O"
"59","MRP","O"
"59","(","O"
"59","inclusive","O"
"59","of","O"
"59","all","O"
"59","taxes","O"
"59",")","O"
"59","UNIT","O"
"59","SALE","O"
"59","PRICER","O"
"59","Aloo","O"
"59","Bhujia","O"
"59","BATCH","O"
"59","NO","O"
"59",".","O"
"59",":","O"
"59","Crisp","O"
"59","&","O"
"59","Chatpata","O"
"59","PACKED","O"
"59","ON","O"
"59",":","O"
"59","USE","O"
"59","BY","O"
"59",":","O"
"59","TRY","O"
"59","OUR","O"
"59","MOONG","B-PRODUCT"
"59","DAL","I-PRODUCT"
"59","BHUJIA","I-PRODUCT"
"59","SEV","O"
"59","350","O"
"59","g","O"
"59","i407/224","O"
"59","A","O"
"59","VATA","O"
"59","Foduct","O"
"59","FAESTA","O"
"59","Moong","O"
"59","Dal","O"
"59","o","O"
"59","Sis","O"
"59","AW","O"
"59","2847","O"
"59","26252","O"
"59",".","O"
"59","Vats","O"
"59","",""
"60","gsk","O"
"60","EAXERPACKO","O"
"60","FASTRELIEFFROMACIDTY","O"
"60","ENO","O"
"60","HSRNsECONDS","O"
"60","LEMON","O"
"60","FLAVOUR","O"
"60","Fruit","O"
"60","Salt","O"
"60","6","O"
"60","SACHETS","O"
"60","",""
"61","PHENI","B-PRODUCT"
"61","FINE","O"
"61","INDIAN","O"
"61","CONFECTIONS","O"
"61","RLSVL","O"
"61","TVAO","O"
"61","N","O"
"61","ANAND","O"
"61","TASTE","O"
"61","",""
"62","serving","O"
"62","suggestion","O"
"62","BAKING","B-PRODUCT"
"62","SODA","I-PRODUCT"
"62","No","O"
"62","added","O"
"62","Preservative","O"
"62","or","O"
"62","Colour","O"
"62","Goodness","O"
"62","Inside","O"
"62","provmsdds","O"
"62","Dessert","O"
"62","Net","O"
"62","wt","O"
"62",":","O"
"62","100","O"
"62","g","O"
"62","",""
"63","onigina","B-BRAND"
"63","PREMIUM","O"
"63","INSTANT","O"
"63","COFFEE","B-PRODUCT"
"63","",""
"64","PANTENE","B-BRAND"
"64","HAIR","O"
"64","SCIENCE","O"
"64","PROV","O"
"64","SILKY","O"
"64","SMOOTH","O"
"64","INTENSELY","O"
"64","HYDRATES","O"
"64","FOR","O"
"64","SMOOTH","O"
"64",",","O"
"64","FRIZZ","O"
"64","TAMED","O"
"64","HAIR","O"
"64","*","O"
"64","WITH","O"
"64","PRO","O"
"64","-","O"
"64","V","O"
"64","+","O"
"64","VITAMINE","O"
"64","SHAMPOO","B-PRODUCT"
"64","21005197","O"
"64","",""
"65","CLOROX","B-BRAND"
"65","Disinfecting","B-PRODUCT"
"65","Wipes","I-PRODUCT"
"65","Kills","O"
"65","99.9","O"
"65","%","O"
"65","of","O"
"65","Viruses","O"
"65","&","O"
"65","Bacteria","O"
"65","Fresh","O"
"65","Scent","O"
"65","Safe","O"
"65","on","O"
"65","Finished","O"
"65","VWood","O"
"65",",","O"
"65","Sealed","O"
"65","Granite","O"
"65","and","O"
"65","Stainless","O"
"65","Steel","O"
"65","",""
"66","LA","B-BRAND"
"66","SHIELD","I-BRAND"
"66","EXPERT","I-BRAND"
"66","URBAN","I-BRAND"
"66","PROTECT","O"
"66","MINERAL","O"
"66","SUNSCREEN","B-PRODUCT"
"66","GEL","O"
"66","POLLUTION","O"
"66","PROTECT","O"
"66","SPF","O"
"66","50","O"
"66","PA+++","O"
"66","UVA","O"
"66","-","O"
"66","UVB","O"
"66","UV","O"
"66","and","O"
"66","Pollution","O"
"66","defense","O"
"66","Lightweight","O"
"66","and","O"
"66","oil","O"
"66","-","O"
"66","free","O"
"66","Moisture","O"
"66","boost","O"
"66","formula","O"
"66","Dermatologically","O"
"66","Tested","O"
"66","Suitable","O"
"66","For","O"
"66","All","O"
"66","Skin","O"
"66","Types","O"
"66","",""
"67","Surf","B-BRAND"
"67","excel","I-BRAND"
"67","EASY","O"
"67","WASH","O"
"67","Removes","O"
"67","Tough","O"
"67","Stains","O"
"67","Easily","O"
"67","",""
"68","B","B-BRAND"
"68","ROYAL","I-BRAND"
"68","TM","O"
"68","Organic","O"
"68","eat","O"
"68","healthy","O"
"68","Certified","O"
"68","by","O"
"68",":","O"
"68","","O"
"68","","B-PRODUCT"
"68","AASHIRVAAD","O"
"68","MADE","O"
"68","FROM","O"
"68","NATURAL","O"
"68","IODIZED","O"
"68","SALT","O"
"68","SEA","O"
"68","SALT","O"
"68","CRYSTALS","O"
"68",".","O"
"68","For","O"
"68","normal","O"
"68","lgrowth","O"
"68","and","O"
"68","brain","O"
"68","function",""
"68","","O"
"69","ORGANC","O"
"69","NUTS","O"
"69","Â©","O"
"69","A","O"
"69","CALIFORNIA","O"
"69",",","B-BRAND"
"69","ALMOND","O"
"69","DELICIOUS","O"
"69","SOURCE","O"
"69","OF","O"
"69","DIETARY","O"
"69","FIBRE","O"
"69","GROSS","O"
"69","CONTENT","O"
"69","500","O"
"69","GRAMS",""
"69","","O"
"70","7ZIP","O"
"70","LOCK","O"
"70",">","B-BRAND"
"70","Brooke","I-BRAND"
"70","Bond","O"
"70","(","O"
"70","Red","O"
"70","Cabel",""
"70","","O"
"71","Farmley","O"
"71","NO","O"
"71","ADULTERATION","O"
"71","ALL","O"
"71","NATURAL","O"
"71","PREMIUM","B-PRODUCT"
"71","WALNUTS","I-PRODUCT"
"71","GOURMET","O"
"71","~BROKEN","O"
"71","~","O"
"71","NUTRITIOUS","O"
"71","&","O"
"71","CRUNCHIER","O"
"71","VACUUM","O"
"71","PACKED","O"
"71","HIGH","O"
"71","IN","O"
"71","OMEGA3","O"
"71","100","O"
"71","%","O"
"71","NATURAL","O"
"71","Net","O"
"71","Wt","O"
"71",".","O"
"71","2009",""
"71","","B-PRODUCT"
"72","RAISINS","O"
"72","Vedaka",""
"72","","B-BRAND"
"73","Colgate","O"
"73","MEGA","O"
"73","Maxfresh","O"
"73","wHCOOLING","O"
"73","CRYSTALS","O"
"73","NEW","O"
"73","10X","O"
"73","LONGER","O"
"73","LASTING","O"
"73","cooLING","O"
"73","""","O"
"73","PEPPERMINT","O"
"73","ICE","O"
"73","SAVER","O"
"73","300","O"
"73","g","O"
"73","2x","O"
"73","150","O"
"73","g",""
"73","","B-BRAND"
"74","Fiona","I-BRAND"
"74","Refined","B-PRODUCT"
"74","Sunflower","I-PRODUCT"
"74","oil","O"
"74","UPTO","O"
"74","VITO","O"
"74","50","O"
"74",".","O"
"74","PROTECT","O"
"74","HIGHER","O"
"74","VITAMINS","O"
"74","TRANSFER","O"
"74","TO","O"
"74","YOUR","O"
"74","FOOD",""
"74","","O"
"75","Active","O"
"75","Wheel","O"
"75","2in1","O"
"75","Clean","O"
"75","&","O"
"75","Fresh",""
"75","","O"
"76","WORLD","O"
"76","'S","O"
"76","NO","O"
"76",".","O"
"76","Honey","O"
"76","Grade","O"
"76","Special","B-BRAND"
"76","Dabur","B-PRODUCT"
"76","Honey","O"
"76","100","O"
"76","%","O"
"76","PURITY","O"
"76","GUARANTEED","O"
"76","As","O"
"76","per","O"
"76","global","O"
"76","syndicate","O"
"76","study","O"
"76","report","O"
"76","of","O"
"76","Honey","O"
"76","category","O"
"76","2021","O"
"76","-","O"
"76","2022","O"
"76","by","O"
"76","a","O"
"76","Market","O"
"76","Research","O"
"76","agency","O"
"76",",","O"
"76","Dabur","O"
"76","Honey","O"
"76","is","O"
"76","the","O"
"76","highest","O"
"76","seling","O"
"76","brand","O"
"76","by","O"
"76","volume","O"
"76","in","O"
"76","the","O"
"76","world","O"
"76",".",""
"76","",""
"77","2","O"
"77","PADS","O"
"77","Saveâ‚¹2","O"
"77","Scotch","B-BRAND"
"77","Brite","I-BRAND"
"77","Silver","I-BRAND"
"77","Sparks","I-BRAND"
"77","Superior","O"
"77","Cleaning","B-PRODUCT"
"77","Power","I-PRODUCT"
"77","",""
"78","KIRKLAND","B-BRAND"
"78","CALCIUM","O"
"78","600","O"
"78","mg","O"
"78","With","O"
"78","Vitamir","O"
"78","D3","O"
"78","For","O"
"78","Strong","O"
"78","Bones","O"
"78","and","O"
"78","Teetht","O"
"78","Vitamin","O"
"78","D","O"
"78","Assists","O"
"78","in","O"
"78","the","O"
"78","Absorption","O"
"78","of","O"
"78","Calcium","O"
"78","500","O"
"78","TABLETS","O"
"78","Dietary","B-PRODUCT"
"78","Supplement","I-PRODUCT"
"78","",""
"79","EVEREST","B-BRAND"
"79","Chhole","O"
"79","Masala","B-BRAND"
"79","Mxed","I-BRAND"
"79","Masala","I-BRAND"
"79","Powder","I-BRAND"
"79","",""
"80","BLUE","B-BRAND"
"80","BIRD","I-BRAND"
"80","The","O"
"80","taste","O"
"80","that","O"
"80","lingers","O"
"80","Baking","O"
"80",",","O"
"80","Soda","O"
"80","Serving","O"
"80","Suggestion","O"
"80","Net","O"
"80","WL","O"
"80","l00","O"
"80","g","O"
"80","ALL","O"
"80","PURPOSE","O"
"80","eET","O"
"80","RAISING","O"
"80","BAKING","O"
"80","ITEMS","O"
"80","STEAMED","O"
"80","DISNES","O"
"80","FRIED","B-PRODUCT"
"80","SNACKS","I-PRODUCT"
"80","100%Veg","O"
"80",".","O"
"80","",""
"81","Dabur","B-BRAND"
"81","Chyawanprash","B-PRODUCT"
"81","DOUBLE","O"
"81","Immunity","O"
"81","'","O"
"81","Clinically","O"
"81","Tested","O"
"81","HELP","O"
"81","AWALEHA","O"
"81","",""
"82","SANDERS","B-BRAND"
"82","SMALL","O"
"82","BATCH","O"
"82","WONDERS","O"
"82","DARK","B-PRODUCT"
"82","CHOCOLATE","I-PRODUCT"
"82","Enlarged","O"
"82","to","O"
"82","o","O"
"82","testure","O"
"82","and","O"
"82","SEA","O"
"82","SALT","O"
"82","CARAMELS","O"
"82","NET","O"
"82","WT","O"
"82",".","O"
"82","36","O"
"82","0Z","O"
"82","(","O"
"82","1.02KG","O"
"82",")","O"
"82","",""
"83","Amul","B-BRAND"
"83","malai","O"
"83","Paneer","B-PRODUCT"
"83","PANEER","O"
"83","PROTEIN","O"
"83","Amul","O"
"83","",""
"84","kÄ±sSan","B-BRAND"
"84","â‚¹","O"
"84","50/","O"
"84","0121","O"
"84","g","O"
"84","415","O"
"84","o","O"
"84","16/02124","O"
"84","15/11/24","O"
"84","FRESH","O"
"84","TOMATO","B-PRODUCT"
"84","KETCHUp","I-PRODUCT"
"84","FROM","O"
"84","THE","O"
"84","FARMER","O"
"84",".","O"
"84","DO5","O"
"84","Â°","O"
"84","9","O"
"84","à¥¤","O"
"84","2","O"
"84","14","O"
"84","20","O"
"84","SINCE","O"
"84","1934","O"
"84",".","O"
"84","100","O"
"84","%","O"
"84","REA","O"
"84","OMA","O"
"84","Per","O"
"84","Seve","O"
"84","(","O"
"84","150","O"
"84",")","O"
"84","20","O"
"84","19","O"
"84",")","O"
"84","ONLY","O"
"84","BRAND","O"
"84","NAME","O"
"84","&","O"
"84","DOESNT","O"
"84","REPRESENT","O"
"84","ITS","O"
"84","TRUE","O"
"84","NATURE","O"
"84",".","O"
"84","",""
"85","Aveeno","B-BRAND"
"85",".","O"
"85","Daily","O"
"85","Moisturizing","O"
"85","BODY","B-PRODUCT"
"85","LOTION","I-PRODUCT"
"85","Intensely","O"
"85","Nourishes","O"
"85","Dry","O"
"85","Skin","O"
"85","Clinically","O"
"85","-","O"
"85","proven","O"
"85","moisturization","O"
"85","that","O"
"85","lasts","O"
"85","24","O"
"85","hours","O"
"85","FRAGRANCE","O"
"85","FREE","O"
"85","ATOLO","O"
"85","COMMENDEO","O"
"85","BRAND","O"
"85","20","O"
"85","fl","O"
"85","oz","O"
"85","(","O"
"85","591","O"
"85","ml","O"
"85",")","O"
"85","PREBIOT","O"
"85","30052130","O"
"85","TIC","O"
"85","OAT","O"
"85","",""
"86","AYURVEDA","B-BRAND"
"86","ITONE","O"
"86","EYE","B-PRODUCT"
"86","DROPS","I-PRODUCT"
"86","EYE","O"
"86","DROPS","O"
"86","Keeps","O"
"86","eyes","O"
"86","cool","O"
"86",",","O"
"86","lustrous","O"
"86","and","O"
"86","healthy","O"
"86",".","O"
"86","Clears","O"
"86","the","O"
"86","vision","O"
"86",".","O"
"86","Net","O"
"86","Qty","O"
"86",".","O"
"86",":","O"
"86","10","O"
"86","mnl","O"
"86","",""
"87","Extra","O"
"87","-","O"
"87","Shining","O"
"87","Dy","O"
"87","Zero","O"
"87","Wastage","O"
"87","DewFres","B-BRAND"
"87","â„¢","O"
"87","3x","O"
"87","Extra","O"
"87","-","O"
"87","Gleanig","O"
"87","DISH","B-PRODUCT"
"87","WASH","I-PRODUCT"
"87","BAR","I-PRODUCT"
"87","GINGER+LEMON","O"
"87","FREE","O"
"87","SCRUBBER","O"
"87","INSIDE","O"
"87","WORTH","O"
"87","R","O"
"87","10","O"
"87","eanirgN","O"
"87","Monthly","O"
"87","Pack","O"
"87","",""
"88","Papar","B-BRAND"
"88","boat","I-BRAND"
"88","SwING","O"
"88","Juicier","B-BRAND"
"88","Drink","I-BRAND"
"88","Zesty","O"
"88","Pomegranate","O"
"88","",""
"89","Farmley","B-BRAND"
"89","CLASSIC","O"
"89","SALTED","B-PRODUCT"
"89","CASHEVWS","I-PRODUCT"
"89","CHOLESTEROL","O"
"89","FREE","O"
"89","19","O"
"89","%","O"
"89","PROTEIN","O"
"89","CONTENT","O"
"89","ROASTED","O"
"89","IN","O"
"89","0","O"
"89","%","O"
"89","OIL","O"
"89",")","O"
"89","",""
"90","Per","O"
"90","Sereyt","O"
"90","86","O"
"90","Made","O"
"90","With","O"
"90","Dal","O"
"90",",","O"
"90","Corn","O"
"90","&","O"
"90","Rice","O"
"90","Kurkure","B-PRODUCT"
"90","CHiLLi","O"
"90","CHATKA","O"
"90","INAMKEEN","O"
"90","","O"
"90","","O"
"90","TCHEA",""
"90","","B-BRAND"
"91","Sunfeast","O"
"91","farmlite","O"
"91","No","O"
"91","Maida","O"
"91","+","O"
"91","Source","O"
"91","ofFibre","B-PRODUCT"
"91","Oats","I-PRODUCT"
"91","Cookies","O"
"91","BISCUITS","O"
"91","&","O"
"91","Chocolate","O"
"91","Mode","O"
"91","rom","O"
"91","AASHIRVAAD","O"
"91","Afo",""
"91","",""
"92","INDIA","O"
"92","'S","O"
"92","No.1","O"
"92","SELLING","O"
"92","SUNFLOWER","B-PRODUCT"
"92","OIL","I-PRODUCT"
"92","Freedom","B-BRAND"
"92","Refined","O"
"92","Sunflower","O"
"92","Oi","O"
"92","nic","O"
"92","acid","O"
"92","tha","O"
"92","heps","O"
"92","Freedom","O"
"92","to","O"
"92","eat","O"
"92",".","O"
"92","Freedom","O"
"92","to","O"
"92","enjoy","O"
"92","Contains","O"
"92","inole","O"
"92","acihe","O"
"92","bbe","O"
"92","aintair","O"
"92","""","O"
"92","Contains","O"
"92","tocaoherle","O"
"92","whik","O"
"92","a","O"
"92","mbaralAetioriinb","O"
"92","",""
"93","Maggi","B-BRAND"
"93","Nuti","O"
"93","-","O"
"93","licious","O"
"93","masala","O"
"93","VEG","O"
"93","ATTA","O"
"93","noodles","B-PRODUCT"
"93","72.5","O"
"93","g","O"
"93","20","O"
"93","Pi","O"
"93","",""
"94","mamaearth","B-BRAND"
"94","moisturizing","O"
"94","bathing","B-PRODUCT"
"94","bar","I-PRODUCT"
"94","for","O"
"94","babies","O"
"94","Goat","O"
"94","Milk","O"
"94",",","O"
"94","Oatmeal","O"
"94","Shea","O"
"94","Butter","O"
"94","SLS","O"
"94","/","O"
"94","SLES","O"
"94","&","O"
"94","Paraben","O"
"94","Free","O"
"94","Toxin","O"
"94","Feee","O"
"94","Oermatologicaliy","O"
"94","Tested","O"
"94","months","O"
"94","Net","O"
"94","Wt","O"
"94",".","O"
"94","7sg","O"
"94","x2","O"
"94","/264","O"
"94","0Z","O"
"94","x2","O"
"94","5.5","O"
"94",")","O"
"94","pH","O"
"94","S5","O"
"94","",""
"95","malava","B-BRAND"
"95","SINCEI93","O"
"95","0","O"
"95","gentle","O"
"95","baby","B-PRODUCT"
"95","shampo0","I-PRODUCT"
"95","FREE","O"
"95","FROM","O"
"95","SSES","O"
"95","Synthetic","O"
"95","Colour","O"
"95","Mild","O"
"95",".","O"
"95","No","O"
"95","tears","O"
"95",".","O"
"95","Softens","O"
"95","nourishes","O"
"95","and","O"
"95","improves","O"
"95","hair","O"
"95","lustre","O"
"95",".","O"
"95","HiBIscus","O"
"95","â€¢","O"
"95","CHICKPEA","B-PRODUCT"
"95","Clinically","O"
"95","tested","O"
"95",".","O"
"95","Hypoallergenic","O"
"95",".","O"
"95","NO","O"
"95","S0254SS","O"
"95","Pure","O"
"95","Gentle","O"
"95","Safe","O"
"95","",""
"96","Qadbury","B-BRAND"
"96","Dairy","O"
"96","Mill","O"
"96","SILK","O"
"96",")","O"
"96","CHOCOLATE","B-PRODUCT"
"96","",""
"97","inyJersey","B-BRAND"
"97","STRAWBERRY","O"
"97","FRUIT","O"
"97","YO0GHURT","B-PRODUCT"
"97","NET","O"
"97","QUANTIn","O"
"97","1008","O"
"97","",""
"98","MAKES","O"
"98","18","O"
"98","KHAMAN","O"
"98","DHOKLAS","O"
"98","3","O"
"98",".","O"
"98","Gits","O"
"98","SINCE","O"
"98","1963","O"
"98","Snack","B-PRODUCT"
"98","MIX","I-PRODUCT"
"98","KHAMAN","O"
"98","DHOKLA","O"
"98","20","O"
"98","NO","O"
"98","ADDED","O"
"98","PRESERVATIVES","O"
"98","ARTIFICIAL","O"
"98",",","O"
"98","FLAVOURS","O"
"98","&","O"
"98","OcoLOURS","O"
"98","NETIWT","O"
"98","180","O"
"98","g","O"
"98","",""
"99","KEYAA","B-BRAND"
"99","CHICKEN","B-PRODUCT"
"99","PICKLE","I-PRODUCT"
"99","40","O"
"99","%","O"
"99","Meat","O"
"99","Chá»¥","O"
"99","2","O"
"99","No","O"
"99","Added","O"
"99","Col","O"
"99","",""
"100","18:13","O"
"100","LACTOGEN","B-PRODUCT"
"100","Nestle","B-BRAND"
"100","Follow","O"
"100","-","O"
"100","up","O"
"100","formula","O"
"100","with","O"
"100","probiotic","O"
"100","2","O"
"100","|||","O"
"100","ACTOGEN","O"
"100","PRO","O"
"100","IMPORTANT","O"
"100","NOTICE","O"
"100",":","O"
"100","MOTHER","O"
"100","'S","O"
"100","MILK","O"
"100","IS","O"
"100","BEST","O"
"100","FOR","O"
"100","YOUR","O"
"100","BABY","O"
"100",".","O"
"100","PACK","O"
"100","CHANGE","O"
"100","2","O"
"100","ACIOGEN","O"
"100","guull","B-BRAND"
"100","l72","O"
"100","%","O"
"100","LACTOGEN","B-PRODUCT"
"100","2","O"
"100","Probiotic","O"
"100","L.reuteri","O"
"100","After","O"
"100","6","O"
"100","months","O"
"100","Upto","O"
"100","12","O"
"100","months","O"
"100","NUTRTION","O"
"100","NHOBMADoM","O"
"100","",""
"101","Dabur","B-BRAND"
"101","REDCel","O"
"101","RED","O"
"101","Gel","O"
"101","12","O"
"101",")","O"
"101","Ayurvedic","B-PRODUCT"
"101","Gel","I-PRODUCT"
"101","for","O"
"101","Freshness","O"
"101","Effective","O"
"101","Oral","O"
"101","Care","O"
"101","AYURVEDC","O"
"101","HERBS","O"
"101","eD","O"
"101","Rul","O"
"101","l","O"
"101","71","O"
"101","%","O"
"101","12","O"
"101","",""
"102","MEGA","O"
"102","SAVER","O"
"102","PACK","O"
"102","2x200","O"
"102","g","O"
"102","Dabur","B-BRAND"
"102","MESWAK","O"
"102","Buy","O"
"102","PURE","O"
"102","MISWAK","O"
"102","EXTRACT","O"
"102","0","O"
"102","%","O"
"102","FLUORIDE","O"
"102","|","O"
"102","PARABEN","O"
"102","|","O"
"102","TRICLOSAN","O"
"102","FORMALIN","O"
"102","Get","O"
"102","25/-or","O"
"102","TOOTHPASTE","B-PRODUCT"
"102","FOR","O"
"102","COMPLETE","O"
"102","TOOTH","O"
"102","&","O"
"102","GUM","O"
"102","CARE","O"
"102","Great","O"
"102","Mouth","O"
"102","Feel","O"
"102","O","O"
"102","GERM","O"
"102","PROTECTION","O"
"102","PROTECTS","O"
"102","GUM","O"
"102","9","O"
"102","ANTI","O"
"102","-","O"
"102","INFLAMMATORY","O"
"102","O","O"
"102","FIGHTS","O"
"102","TOOTH","O"
"102","DECAY","O"
"102","PREVENTS","O"
"102","BAD","O"
"102","BREATH","O"
"102","O","O"
"102","FIGHTs","O"
"102","PLAQUE","O"
"102","",""
"103","Hansaplast","B-BRAND"
"103","|||","O"
"103","Hansaplast","O"
"103","COTTON","B-PRODUCT"
"103","CREPE","O"
"103","BANDAGE","O"
"103","B.","O"
"103","?","O"
"103","Uifers","O"
"103","firm","O"
"103","compression","O"
"103","&","O"
"103","warmth","O"
"103","Supports","O"
"103","long","O"
"103","lasting","O"
"103","pain","O"
"103","relief","O"
"103","Skin","O"
"103","friendly","O"
"103","n","O"
"103","o","O"
"103","Rl","O"
"103","O71","O"
"103","%","O"
"103","H","O"
"103","BENEFITS","O"
"103","10","O"
"103","cm","O"
"103","8C1","O"
"103","Germany","O"
"103","'s","O"
"103","No.1","O"
"103","Brand","O"
"103","HOW","O"
"103","To","O"
"103","USE","O"
"103",":","O"
"103","",""
"104","VICKS","B-BRAND"
"104","ZZZQuil","O"
"104","NATURA","O"
"104","NUTRACEUTICAL","B-PRODUCT"
"104","Melatonin","O"
"104","HELPS","O"
"104","YOU","O"
"104","FALL","O"
"104","ASLEEP","O"
"104","FAST","O"
"104","Blended","O"
"104","with","O"
"104","Chamomile","O"
"104",",","O"
"104","Vitamin","O"
"104","BÃ³","O"
"104","NONEXT","O"
"104","DAY","O"
"104","DROWSINESS","O"
"104",",","O"
"104","For","O"
"104","sDICTIVE","O"
"104","or","O"
"104","adults","O"
"104","only","O"
"104","NON","O"
"104","-","O"
"104","ADDICTIVE","O"
"104","n","O"
"104","o","O"
"104","Rl","O"
"104","O71","O"
"104","%","O"
"104","24","O"
"104","GUMMIES","B-PRODUCT"
"104","NAIALEPRS","O"
"104","",""
"105","EVITAL","B-BRAND"
"105","NEW","O"
"105","PACK","O"
"105","REVITAL","O"
"105","H","O"
"105","COMPLETE","O"
"105","MULTIVITAMIN","O"
"105","Improves","O"
"105","STAMINA","O"
"105","Enhances","O"
"105","ENERGY","O"
"105","Supports","O"
"105","IMMUNITY","O"
"105","Powered","O"
"105","with","O"
"105","Natural","O"
"105","Ginseng","O"
"105","30","O"
"105","Copsules","O"
"105","REVITAL","O"
"105","INDIAS","O"
"105","n","O"
"105","o","O"
"105","Rl","O"
"105","O71","O"
"105","%","O"
"105","No","O"
"105",".","O"
"105","UPPLEMsNT","O"
"105","MEN","O"
"105","REVITAL","O"
"105","",""
"106","clAsSMAte","B-PRODUCT"
"106","The","O"
"106","Dead","O"
"106","Sea","O"
"106","Jordan","O"
"106","a","O"
"106","gl071","O"
"106","%","O"
"106","sl02519l002358","O"
"106","",""
"107","REMOYES","O"
"107","TOUGH","O"
"107","STAINS","O"
"107","EVEN","O"
"107","IN","O"
"107","Before","O"
"107","3.2L","O"
"107","After","O"
"107","Packaging","O"
"107","May","O"
"107","Vary","O"
"107","NEW","O"
"107","FORMULA","O"
"107","-20","O"
"107","Surf","O"
"107","MINUTES","O"
"107","CrELE","O"
"107","excel","B-PRODUCT"
"107","MATIC","O"
"107","MEGA","O"
"107","PACK","O"
"107","tn","O"
"107","R","O"
"107","l","O"
"107","71","O"
"107","%","O"
"107","TOP","O"
"107","LOAD","O"
"107","SANS","O"
"107","EVEN","O"
"107","N","O"
"107","NINUTES","O"
"107","OF","O"
"107","A","O"
"107","TOP","O"
"107","LOAD","O"
"107","HACHME","O"
"107","",""
"108","ambi","O"
"108","pur","O"
"108","ROOM","O"
"108","FRESH","O"
"108","Moodtherapy","O"
"108","Collection","O"
"108","Relax","O"
"108","&","O"
"108","Unwind","O"
"108","Net","O"
"108","wt","O"
"108",":","O"
"108","",""
"109","Baygon","B-BRAND"
"109","MAX","O"
"109","COCKROACH","B-PRODUCT"
"109","KILLER","I-PRODUCT"
"109","LLS","O"
"109","DIARRHEA","O"
"109","&","O"
"109","D","O"
"109","SPREADING","O"
"109","MCKROACHES","O"
"109","MAXIWAND","O"
"109","REACHES","O"
"109","THE","O"
"109","",""
"110","0CEAN","B-BRAND"
"110","FISH","O"
"110","PUREPET","O"
"110","CAT","O"
"110","ADULT","O"
"110","Smart","O"
"110","food","O"
"110","for","O"
"110","a","O"
"110","smarter","O"
"110","pet","O"
"110","PUREPET","O"
"110","-Conplete","O"
"110","Food","B-PRODUCT"
"110","for","I-PRODUCT"
"110","Cat","I-PRODUCT"
"110","Aduli-","O"
"110","PUREPETLR","O"
"110","COMPLETE|Taurine","O"
"110","for","O"
"110","Healthy","O"
"110","Heart","O"
"110",".","O"
"110","FOOD","O"
"110","FOR","O"
"110","Healthy","O"
"110","Skin","O"
"110","&","O"
"110","Beautiful","O"
"110","Coat","O"
"110",".","O"
"110","CAT","O"
"110","Complete","O"
"110","Nutrition","O"
"110","",""
"111","Milly","B-BRAND"
"111","24","O"
"111","SLICES","B-PRODUCT"
"111","CHEESE","I-PRODUCT"
"111","SLICES","O"
"111","Net","O"
"111","Weight","O"
"111",":","O"
"111","480","O"
"111","g","O"
"111","0.53","O"
"111","KB","O"
"111","/","O"
"111","S","O"
"111","""","O"
"111","Suggested","O"
"111","Serving","O"
"111","ony","O"
"111","26","O"
"111","",""
"112","SPICED","B-PRODUCT"
"112","BUTTERMILK","I-PRODUCT"
"112","9.00","O"
"112","Ne","O"
"112","l","O"
"112","26","O"
"112",")","O"
"112","2pcs","O"
"112","Amu","B-BRAND"
"112",".","O"
"112","(","O"
"112","1L","O"
"112",")","O"
"112","MAST","O"
"112","A5","O"
"112","MAST","O"
"112","KB","O"
"112","/","O"
"112","S","O"
"112","",""
"113","Partly","O"
"113","Skimmed","O"
"113","Fruit","O"
"113","Yogurt","B-PRODUCT"
"113","epigamia","B-BRAND"
"113","eplgmia","O"
"113","11.0","O"
"113","Ne","O"
"113","l","O"
"113","25","O"
"113",")","O"
"113","KB","O"
"113","/","O"
"113","S","O"
"113","HIGH","O"
"113","PROTEIN","O"
"113","GREEK","O"
"113","YOGURT","O"
"113","alphonso","O"
"113","mango","O"
"113","ZERO","O"
"113","RESERNVATINE","O"
"113","",""
"114","modeRn","B-BRAND"
"114","moder","O"
"114","DeRn","O"
"114","Omilk","O"
"114","plus","O"
"114","bread","O"
"114","W","O"
"114","'s","O"
"114","Co","O"
"114","pach","O"
"114","is","O"
"114","pa","O"
"114","calcium","B-PRODUCT"
"114","power","I-PRODUCT"
"114","of","O"
"114","2thi","O"
"114","1alas","O"
"114","16.0","O"
"114","Ye","O"
"114","l","O"
"114","25","O"
"114","KB","O"
"114","/","O"
"114","S","O"
"114","",""
"115","BAREVR","O"
"115","2","O"
"115","iDY","B-BRAND"
"115","PANEER","B-PRODUCT"
"115","SOFT","O"
"115","&","O"
"115","CREAMYC","O"
"115","FROM","O"
"115","NATURAL","O"
"115","INGREDIENTS","O"
"115","MADE","O"
"115","WITH","O"
"115","LEMON","O"
"115","CONCENTRATE","O"
"115","Ã˜","O"
"115",")","O"
"115","NO","O"
"115","ADOED","O"
"115","PRESERVATIVES","O"
"115","NOT","O"
"115","SYNTHETIC","O"
"115","ACIDS","O"
"115","GCONGITIONSwe","O"
"115","EEED","O"
"115","wONOSATURATO","O"
"115","FATTY","O"
"115","ACI","O"
"115","ANSAA","O"
"115","YADOS","O"
"115","THS","O"
"115","PACK","O"
"115","CoNTAINS","O"
"115","4","O"
"115","SERVINGS","O"
"115","NUTNTIONAL","O"
"115","FACTS","O"
"115","PER","O"
"115","100","O"
"115","WPOK","O"
"115",")","O"
"115",")","O"
"115","PREMIUM","O"
"115","INGREDIENTS","O"
"115","D","O"
"115","OPEy","O"
"115","754","O"
"115","OSTOCARE","O"
"115","DETAS","O"
"115","OFRES","O"
"115","FO00","O"
"115","Sie","O"
"115","AVALA","O"
"115","VLA","O"
"115","KASARA","O"
"115","NOL","O"
"115","ATTIELE","O"
"115","FSSAL","O"
"115","LIC","O"
"115","NO","O"
"115",",","O"
"115","10021043000120","O"
"115","Www.oFREO0D","O"
"115","RESHFOOD.COM","O"
"115","SURVEY","O"
"115","NO","O"
"115",".","O"
"115","21/0","O"
"115",",","O"
"115","NCHOLVLAGE","O"
"115",",","O"
"115","NEAR","O"
"115","IOUANEWAL","O"
"115","FSSAL","O"
"115","LIC","O"
"115",".","O"
"115","NO","O"
"115","10018022008962","O"
"115","NET","O"
"115","QUANTITY","O"
"115","USE","O"
"115","BY","O"
"115","DATE","O"
"115","ONLOF","O"
"115","ALL","O"
"115","TAXES","O"
"115","12.0","O"
"115","N","O"
"115","KB","O"
"115","/","O"
"115","S","O"
"115","200","O"
"115","o","O"
"115","Ssai","O"
"115","A","O"
"115",")","O"
"115","PASTEURISED","O"
"115","MILK","O"
"115","8","O"
"115","li906020580572","O"
"115","Lie","O"
"115",".","O"
"115","No","O"
"115",".","O"
"115","10021043000120","O"
"115","OTHER","O"
"115","MADE","O"
"115","IN","O"
"115","INDIA","O"
"115","2Pcs","O"
"115","25","O"
"115","(","O"
"115","200","O"
"115","g","O"
"115",")","O"
"115","FANEER","O"
"","",""
"","",""
"","",""
"","",""
