Sentence #,Word,Tag
Sentence: 1,Milly,B-BRAND
Sentence: 1,24,O
Sentence: 1,SLICES,O
Sentence: 1,CHEESE,B-PRODUCT
Sentence: 1,SLICES,I-PRODUCT
Sentence: 1,Net,O
Sentence: 1,Weight,O
Sentence: 1,:,O
Sentence: 1,480,O
Sentence: 1,g,O
Sentence: 1,0.53,O
Sentence: 1,KB,O
Sentence: 1,/,O
Sentence: 1,S,O
Sentence: 1,"""",O
Sentence: 1,Suggested,O
Sentence: 1,Serving,O
Sentence: 1,ony,O
Sentence: 1,26,O
Sentence: 2,SPICED,B-PRODUCT
Sentence: 2,BUTTERMILK,I-PRODUCT
Sentence: 2,9.00,O
Sentence: 2,Ne,O
Sentence: 2,l,O
Sentence: 2,26,O
Sentence: 2,),O
Sentence: 2,2pcs,O
Sentence: 2,Amu,B-BRAND
Sentence: 2,.,I-BRAND
Sentence: 2,(,O
Sentence: 2,1L,O
Sentence: 2,),O
Sentence: 2,MAST,O
Sentence: 2,A5,O
Sentence: 2,MAST,O
Sentence: 2,KB,O
Sentence: 2,/,O
Sentence: 2,S,O
Sentence: 3,Partly,O
Sentence: 3,Skimmed,O
Sentence: 3,Fruit,O
Sentence: 3,Yogurt,B-PRODUCT
Sentence: 3,epigamia,B-BRAND
Sentence: 3,eplgmia,O
Sentence: 3,11.0,O
Sentence: 3,Ne,O
Sentence: 3,l,O
Sentence: 3,25,O
Sentence: 3,),O
Sentence: 3,KB,O
Sentence: 3,/,O
Sentence: 3,S,O
Sentence: 3,HIGH,O
Sentence: 3,PROTEIN,O
Sentence: 3,GREEK,O
Sentence: 3,YOGURT,O
Sentence: 3,alphonso,O
Sentence: 3,mango,O
Sentence: 3,ZERO,O
Sentence: 3,RESERNVATINE,O
Sentence: 4,modeRn,O
Sentence: 4,moder,O
Sentence: 4,DeRn,O
Sentence: 4,Omilk,O
Sentence: 4,plus,O
Sentence: 4,bread,B-PRODUCT
Sentence: 4,W,O
Sentence: 4,'s,O
Sentence: 4,Co,O
Sentence: 4,pach,O
Sentence: 4,is,O
Sentence: 4,pa,O
Sentence: 4,calcium,O
Sentence: 4,power,O
Sentence: 4,of,O
Sentence: 4,2thi,O
Sentence: 4,1alas,O
Sentence: 4,16.0,O
Sentence: 4,Ye,O
Sentence: 4,l,O
Sentence: 4,25,O
Sentence: 4,KB,O
Sentence: 4,/,O
Sentence: 4,S,O
Sentence: 5,BAREVR,O
Sentence: 5,2,O
Sentence: 5,iDY,B-BRAND
Sentence: 5,PANEER,B-PRODUCT
Sentence: 5,SOFT,O
Sentence: 5,&,O
Sentence: 5,CREAMYC,O
Sentence: 5,FROM,O
Sentence: 5,NATURAL,O
Sentence: 5,INGREDIENTS,O
Sentence: 5,MADE,O
Sentence: 5,WITH,O
Sentence: 5,LEMON,O
Sentence: 5,CONCENTRATE,O
Sentence: 5,Ã˜,O
Sentence: 5,),O
Sentence: 5,NO,O
Sentence: 5,ADOED,O
Sentence: 5,PRESERVATIVES,O
Sentence: 5,NOT,O
Sentence: 5,SYNTHETIC,O
Sentence: 5,ACIDS,O
Sentence: 5,GCONGITIONSwe,O
Sentence: 5,EEED,O
Sentence: 5,wONOSATURATO,O
Sentence: 5,FATTY,O
Sentence: 5,ACI,O
Sentence: 5,ANSAA,O
Sentence: 5,YADOS,O
Sentence: 5,THS,O
Sentence: 5,PACK,O
Sentence: 5,CoNTAINS,O
Sentence: 5,4,O
Sentence: 5,SERVINGS,O
Sentence: 5,NUTNTIONAL,O
Sentence: 5,FACTS,O
Sentence: 5,PER,O
Sentence: 5,100,O
Sentence: 5,WPOK,O
Sentence: 5,),O
Sentence: 5,),O
Sentence: 5,PREMIUM,O
Sentence: 5,INGREDIENTS,O
Sentence: 5,D,O
Sentence: 5,OPEy,O
Sentence: 5,754,O
Sentence: 5,OSTOCARE,B-BRAND
Sentence: 5,DETAS,O
Sentence: 5,OFRES,O
Sentence: 5,FO00,O
Sentence: 5,Sie,O
Sentence: 5,AVALA,O
Sentence: 5,VLA,O
Sentence: 5,KASARA,B-PRODUCT
Sentence: 5,NOL,O
Sentence: 5,ATTIELE,O
Sentence: 5,FSSAL,O
Sentence: 5,LIC,O
Sentence: 5,NO,O
Sentence: 5,",",O
Sentence: 5,10021043000120,O
Sentence: 5,Www.oFREO0D,O
Sentence: 5,RESHFOOD.COM,B-BRAND
Sentence: 5,SURVEY,O
Sentence: 5,NO,O
Sentence: 5,.,O
Sentence: 5,21/0,O
Sentence: 5,",",O
Sentence: 5,NCHOLVLAGE,O
Sentence: 5,",",O
Sentence: 5,NEAR,O
Sentence: 5,IOUANEWAL,O
Sentence: 5,FSSAL,O
Sentence: 5,LIC,O
Sentence: 5,.,O
Sentence: 5,NO,O
Sentence: 5,10018022008962,O
Sentence: 5,NET,O
Sentence: 5,QUANTITY,O
Sentence: 5,USE,O
Sentence: 5,BY,O
Sentence: 5,DATE,O
Sentence: 5,ONLOF,O
Sentence: 5,ALL,O
Sentence: 5,TAXES,O
Sentence: 5,12.0,O
Sentence: 5,N,O
Sentence: 5,KB,O
Sentence: 5,/,O
Sentence: 5,S,O
Sentence: 5,200,O
Sentence: 5,o,O
Sentence: 5,Ssai,O
Sentence: 5,A,O
Sentence: 5,),O
Sentence: 5,PASTEURISED,O
Sentence: 5,MILK,O
Sentence: 5,8,O
Sentence: 5,li906020580572,O
Sentence: 5,Lie,O
Sentence: 5,.,O
Sentence: 5,No,O
Sentence: 5,.,O
Sentence: 5,10021043000120,O
Sentence: 5,OTHER,O
Sentence: 5,MADE,O
Sentence: 5,IN,O
Sentence: 5,INDIA,O
Sentence: 5,2Pcs,O
Sentence: 5,25,O
Sentence: 5,(,O
Sentence: 5,200,O
Sentence: 5,g,O
Sentence: 5,),O
Sentence: 5,FANEER,B-PRODUCT
Sentence: 6,SUPER,O
Sentence: 6,SAVER,O
Sentence: 6,PACK,O
Sentence: 6,(,O
Sentence: 6,OBN,O
Sentence: 6,-ZIP,O
Sentence: 6,LOCK,O
Sentence: 6,SINCE,O
Sentence: 6,1906,O
Sentence: 6,*,O
Sentence: 6,CORN,B-PRODUCT
Sentence: 6,FLAKES,I-PRODUCT
Sentence: 6,ORIGINAL,O
Sentence: 6,109,O
Sentence: 6,Ne,O
Sentence: 6,KB,O
Sentence: 6,/,O
Sentence: 6,S,O
Sentence: 6,ENERGYAT,O
Sentence: 6,3,O
Sentence: 6,HOURS,O
Sentence: 6,IRON,O
Sentence: 6,SHAKTI,O
Sentence: 6,25,O
Sentence: 7,GUINOA,B-BRAND
Sentence: 7,Due,O
Sentence: 7,Elementy,O
Sentence: 7,READY,B-PRODUCT
Sentence: 7,-,I-PRODUCT
Sentence: 7,TO,I-PRODUCT
Sentence: 7,-,I-PRODUCT
Sentence: 7,COOK,I-PRODUCT
Sentence: 7,BREAKFAST,I-PRODUCT
Sentence: 7,QUINOA,O
Sentence: 7,GLUTEN,O
Sentence: 7,FREE,O
Sentence: 7,&,O
Sentence: 7,100,O
Sentence: 7,%,O
Sentence: 7,WHOLEGRAIN,O
Sentence: 7,HIGH,O
Sentence: 7,PROTEIN,O
Sentence: 7,|,O
Sentence: 7,HIGH,O
Sentence: 7,FIBRE,O
Sentence: 7,Every,O
Sentence: 7,product,O
Sentence: 7,has,O
Sentence: 7,a,O
Sentence: 7,story,O
Sentence: 7,",",O
Sentence: 7,flip,O
Sentence: 7,to,O
Sentence: 7,know,O
Sentence: 7,ours,O
Sentence: 7,.,O
Sentence: 7,141,O
Sentence: 7,Ye,O
Sentence: 7,KB,O
Sentence: 7,/,O
Sentence: 7,S,O
Sentence: 7,25,O
Sentence: 8,Bagrry,B-PRODUCT
Sentence: 8,'s,I-PRODUCT
Sentence: 8,WITH,I-PRODUCT
Sentence: 8,CRANBERRIES,I-PRODUCT
Sentence: 8,30,O
Sentence: 8,%,O
Sentence: 8,CRUNCHY-,O
Sentence: 8,FRUIT,O
Sentence: 8,&,O
Sentence: 8,NÅ²T,O
Sentence: 8,muesli,O
Sentence: 8,EXOTIC,O
Sentence: 8,FRUITS,O
Sentence: 8,&,O
Sentence: 8,NUTS,O
Sentence: 8,Bagy,O
Sentence: 8,FRUIT,O
Sentence: 8,Ná»¤T,O
Sentence: 8,9,O
Sentence: 8,OTS,O
Sentence: 8,&,O
Sentence: 8,G34,O
Sentence: 8,%,O
Sentence: 8,FIBRE,O
Sentence: 8,RICH,O
Sentence: 8,OATS,O
Sentence: 8,NO,O
Sentence: 8,ADDED,O
Sentence: 8,PRESERVATIVES,O
Sentence: 8,Bagy,O
Sentence: 8,16.0,O
Sentence: 8,50,O
Sentence: 8,KB,O
Sentence: 8,/,O
Sentence: 8,S,O
Sentence: 8,GENDARY,O
Sentence: 8,OF,O
Sentence: 8,LEGEND,O
Sentence: 8,25,O
Sentence: 9,BagÂ«y,O
Sentence: 9,.,O
Sentence: 9,wHEY,B-PRODUCT
Sentence: 9,PROTEIN,I-PRODUCT
Sentence: 9,Bagrry,B-BRAND
Sentence: 9,'s,I-BRAND
Sentence: 9,.,O
Sentence: 9,WHEY,O
Sentence: 9,PROTEIN,O
Sentence: 9,09,O
Sentence: 9,CHOCOLATE,O
Sentence: 9,WITH,O
Sentence: 9,ALMONDS,O
Sentence: 9,ESSSENTIAL,O
Sentence: 9,AMINO,O
Sentence: 9,ACIDS,O
Sentence: 9,STEIN,O
Sentence: 9,.,O
Sentence: 9,muesli,O
Sentence: 9,.,O
Sentence: 9,PER,O
Sentence: 9,SERY,O
Sentence: 9,",",O
Sentence: 9,15,O
Sentence: 9,NO,O
Sentence: 9,ADDED,O
Sentence: 9,PRESERVATIVES,O
Sentence: 9,Bageys,O
Sentence: 9,23.0,O
Sentence: 9,KB,O
Sentence: 9,/,O
Sentence: 9,S,O
Sentence: 9,PROTEIN,B-PRODUCT
Sentence: 9,100,I-PRODUCT
Sentence: 9,%,O
Sentence: 9,WHEY,B-BRAND
Sentence: 9,GOLD,O
Sentence: 9,STANDARD,O
Sentence: 9,50,O
Sentence: 9,GOODNESS,O
Sentence: 9,SLÄ®,O
Sentence: 9,MAS,O
Sentence: 9,25,O
Sentence: 10,ORIGINAL,O
Sentence: 10,MYFITNESS,B-BRAND
Sentence: 10,PEANUT,B-PRODUCT
Sentence: 10,BUTTER,I-PRODUCT
Sentence: 10,pink,O
Sentence: 10,kimalayan,O
Sentence: 10,salt,O
Sentence: 10,100,O
Sentence: 10,Ye,O
Sentence: 10,l,O
Sentence: 10,brown,O
Sentence: 10,sugarCRUNCHY,O
Sentence: 10,KB,O
Sentence: 10,/,O
Sentence: 10,S,O
Sentence: 10,HYFITNESS,O
Sentence: 10,Net,O
Sentence: 10,Weight:510,O
Sentence: 10,g,O
Sentence: 10,Images,O
Sentence: 10,usad,O
Sentence: 10,for,O
Sentence: 10,Ã¤lustrative,O
Sentence: 10,purpese,O
Sentence: 10,only,O
Sentence: 10,www.myfitness.co.in,B-BRAND
Sentence: 10,BUTER,B-PRODUCT
Sentence: 10,25,O
Sentence: 10,2pcs,O
Sentence: 10,(,O
Sentence: 10,510,O
Sentence: 10,g,O
Sentence: 10,),O
Sentence: 10,),O
Sentence: 11,AASHIRVAAD,B-BRAND
Sentence: 11,Qo,O
Sentence: 11,AA,O
Sentence: 11,MONEY'SAVER,O
Sentence: 11,PACK,O
Sentence: 11,A,O
Sentence: 11,Enduring,O
Sentence: 11,Value,O
Sentence: 11,SUPERIOR,O
Sentence: 11,MPAT,O
Sentence: 11,TA,O
Sentence: 11,0,O
Sentence: 11,%,O
Sentence: 11,MAIDA,O
Sentence: 11,IOO%,O
Sentence: 11,ATTA,B-PRODUCT
Sentence: 11,AASHIRVAAD,I-PRODUCT
Sentence: 11,100,O
Sentence: 11,%,O
Sentence: 11,PURE,O
Sentence: 11,&,O
Sentence: 11,NATURAL,O
Sentence: 11,whole,O
Sentence: 11,Wheat,B-PRODUCT
Sentence: 11,KB,I-PRODUCT
Sentence: 11,/,O
Sentence: 11,S,O
Sentence: 11,MONEY,O
Sentence: 11,',O
Sentence: 11,SAVER,O
Sentence: 11,PACK,O
Sentence: 11,FLIP,O
Sentence: 11,PACK,O
Sentence: 11,RECIPES,O
Sentence: 11,HSV9Y,O
Sentence: 11,S,O
Sentence: 11,AINOW,O
Sentence: 11,25,O
Sentence: 12,SUPREME,B-BRAND
Sentence: 12,HARVEST,O
Sentence: 12,URAD,B-PRODUCT
Sentence: 12,WHOLE,I-PRODUCT
Sentence: 12,PULSES,I-PRODUCT
Sentence: 12,1,O
Sentence: 12,kg,O
Sentence: 12,Best,O
Sentence: 12,VALUE,O
Sentence: 12,204,O
Sentence: 12,KB,O
Sentence: 12,/,O
Sentence: 12,S,O
Sentence: 12,Ssai,O
Sentence: 12,Te,O
Sentence: 12,No,O
Sentence: 12,:,O
Sentence: 12,112229990o0173,O
Sentence: 12,25,O
Sentence: 13,INDIA,B-BRAND
Sentence: 13,GATE,I-BRAND
Sentence: 13,BASMATI,B-PRODUCT
Sentence: 13,RICE,I-PRODUCT
Sentence: 13,fcast,O
Sentence: 13,ROzzana,O
Sentence: 13,65.0,O
Sentence: 13,KB,O
Sentence: 13,/,O
Sentence: 13,S,O
Sentence: 13,KRBL,O
Sentence: 13,2pcs,O
Sentence: 13,(,O
Sentence: 13,5,O
Sentence: 13,kg,O
Sentence: 13,),O
Sentence: 13,25,O
Sentence: 14,Fortune,B-BRAND
Sentence: 14,fortune,O
Sentence: 14,fortunefoods.com,O
Sentence: 14,new,O
Sentence: 14,",",O
Sentence: 14,pack,O
Sentence: 14,biryani,O
Sentence: 14,special,O
Sentence: 14,basmati,B-PRODUCT
Sentence: 14,rice,I-PRODUCT
Sentence: 14,146,O
Sentence: 14,KB,O
Sentence: 14,/,O
Sentence: 14,S,O
Sentence: 14,AUM,O
Sentence: 14,G,O
Sentence: 14,extra,O
Sentence: 14,long,O
Sentence: 14,groin,O
Sentence: 14,Not,O
Sentence: 14,Weight,O
Sentence: 14,5,O
Sentence: 14,ko,O
Sentence: 14,at,O
Sentence: 14,25,O
Sentence: 15,8,O
Sentence: 15,G,O
Sentence: 15,...,O
Sentence: 15,Cut,O
Sentence: 15,along,O
Sentence: 15,here,O
Sentence: 15,.,O
Sentence: 15,YEAR,O
Sentence: 15,:,O
Sentence: 15,Aoed,O
Sentence: 15,to,O
Sentence: 15,Perfection,O
Sentence: 15,5,O
Sentence: 15,kg,O
Sentence: 15,net,O
Sentence: 15,weight,O
Sentence: 15,",",O
Sentence: 15,INDA,B-BRAND
Sentence: 15,GATE,I-BRAND
Sentence: 15,BASMATI,B-PRODUCT
Sentence: 15,RICE,I-PRODUCT
Sentence: 15,CLASSIC,O
Sentence: 15,CBasmati,O
Sentence: 15,Beyond,O
Sentence: 15,Compar,O
Sentence: 15,NO1,O
Sentence: 15,KRD,O
Sentence: 15,vaAC,O
Sentence: 15,),O
Sentence: 15,13.0,O
Sentence: 15,e,O
Sentence: 15,l,O
Sentence: 15,KB,O
Sentence: 15,/,O
Sentence: 15,S,O
Sentence: 15,25,O
Sentence: 16,Fold,O
Sentence: 16,Owinner,O
Sentence: 16,Befined,O
Sentence: 16,SuAouer,O
Sentence: 16,Oe,O
Sentence: 16,VITAD,B-BRAND
Sentence: 16,Cnteies,O
Sentence: 16,Omega,O
Sentence: 16,6,O
Sentence: 16,iternia,O
Sentence: 16,E,O
Sentence: 16,Pturs,O
Sentence: 16,Doet,O
Sentence: 16,ow,O
Sentence: 16,e,O
Sentence: 16,Conartof,O
Sentence: 16,the,O
Sentence: 16,Pad,O
Sentence: 16,"70,0",O
Sentence: 16,l,O
Sentence: 16,KB,O
Sentence: 16,/,O
Sentence: 16,S,O
Sentence: 16,25,O
Sentence: 17,Amal,B-BRAND
Sentence: 17,(,O
Sentence: 17,Amul,O
Sentence: 17,SPOON,O
Sentence: 17,Vnced,O
Sentence: 17,DAY,O
Sentence: 17,Pure,B-PRODUCT
Sentence: 17,Ghee,I-PRODUCT
Sentence: 17,105,O
Sentence: 17,KB,O
Sentence: 17,/,O
Sentence: 17,S,O
Sentence: 17,Amul,O
Sentence: 17,Gheeismadz,O
Sentence: 17,granue,O
Sentence: 17,de,O
Sentence: 17,25,O
Sentence: 18,COW,B-PRODUCT
Sentence: 18,CHEE,I-PRODUCT
Sentence: 18,TM,O
Sentence: 18,(,O
Sentence: 18,Heritage,B-BRAND
Sentence: 18,),O
Sentence: 18,HEALTH,O
Sentence: 18,AND,O
Sentence: 18,MAPPINESs,O
Sentence: 18,62.0,O
Sentence: 18,KB,O
Sentence: 18,/,O
Sentence: 18,S,O
Sentence: 18,(,O
Sentence: 18,30,O
Sentence: 18,),O
Sentence: 18,SRITA,O
Sentence: 18,COW,O
Sentence: 18,GHEE,O
Sentence: 18,25,O
Sentence: 19,Farmley,B-BRAND
Sentence: 19,PANCHMEVA,O
Sentence: 19,STING,O
Sentence: 19,BLACK,B-PRODUCT
Sentence: 19,RAISINS,I-PRODUCT
Sentence: 19,|,O
Sentence: 19,GREEN,O
Sentence: 19,RAISINS,O
Sentence: 19,ALMONDS,O
Sentence: 19,|,O
Sentence: 19,CASHEWS|,O
Sentence: 19,DICED,O
Sentence: 19,DATES,O
Sentence: 19,A,O
Sentence: 19,CURATED,O
Sentence: 19,MIX,O
Sentence: 19,OF,O
Sentence: 19,HEALTH,O
Sentence: 19,&,O
Sentence: 19,TASTE,O
Sentence: 19,15,O
Sentence: 19,%,O
Sentence: 19,PROTEIN,O
Sentence: 19,CONTENT,O
Sentence: 19,85.0,O
Sentence: 19,Ye25,O
Sentence: 19,KB,O
Sentence: 19,/,O
Sentence: 19,S,O
Sentence: 20,Maggi,B-BRAND
Sentence: 20,SEASONING,B-PRODUCT
Sentence: 20,TRULY,O
Sentence: 20,GOOD,O
Sentence: 20,Aromatic,O
Sentence: 20,Roasted,O
Sentence: 20,Spices,O
Sentence: 20,AUTHENTIcITY,O
Sentence: 20,ODINE,O
Sentence: 20,.,O
Sentence: 20,IRONVITAMIN,O
Sentence: 20,A,O
Sentence: 20,Masala,O
Sentence: 20,7.00,O
Sentence: 20,Ye,O
Sentence: 20,l,O
Sentence: 20,25,O
Sentence: 20,KB,O
Sentence: 20,/,O
Sentence: 20,S,O
Sentence: 20,2Pcs,O
Sentence: 20,1ofGuidelni,O
Sentence: 20,(,O
Sentence: 20,72,O
Sentence: 20,g,O
Sentence: 20,),O
Sentence: 20,lfa,O
Sentence: 20,serve,O
Sentence: 20,^is2,O
Sentence: 20,g.,O
Sentence: 20,(,O
Sentence: 20,cooke,B-PRODUCT
Sentence: 20,Fineiictions,O
Sentence: 20,Sun,B-BRAND
Sentence: 20,DAnurts,I-BRAND
Sentence: 20,ef,O
Sentence: 20,an,O
Sentence: 20,m0o,O
Sentence: 20,kcal,O
Sentence: 20,Find,O
Sentence: 20,out,O
Sentence: 20,more,O
Sentence: 21,DAILY,B-BRAND
Sentence: 21,GO0DNESS,I-BRAND
Sentence: 21,",",O
Sentence: 21,BAKED,O
Sentence: 21,PERFECT,O
Sentence: 21,.,O
Sentence: 21,RBakera,O
Sentence: 21,Den,O
Sentence: 21,CHOCOLATE,B-PRODUCT
Sentence: 21,ALMOND,I-PRODUCT
Sentence: 21,CAKE,I-PRODUCT
Sentence: 21,93.0,O
Sentence: 21,Ye25,O
Sentence: 21,),O
Sentence: 21,HANDMADE,O
Sentence: 21,WITH,O
Sentence: 21,KB,O
Sentence: 21,/,O
Sentence: 21,S,O
Sentence: 21,DUTCH,O
Sentence: 21,COCOA,O
Sentence: 21,AND,O
Sentence: 21,ALMOND,O
Sentence: 21,FLAKES,B-PRODUCT
Sentence: 21,&,I-PRODUCT
Sentence: 21,INCREDIBLY(MOISD,I-PRODUCT
Sentence: 21,LIGHT,O
Sentence: 21,",",O
Sentence: 21,&,O
Sentence: 21,DELICIOUS,O
Sentence: 21,!,O
Sentence: 21,4,O
Sentence: 21,*,O
Sentence: 21,HONEST,O
Sentence: 21,DOUCH%,O
Sentence: 21,ZERO,O
Sentence: 21,TRANS,O
Sentence: 21,FAT,O
Sentence: 21,CRBONuS2,O
Sentence: 21,LONE,O
Sentence: 22,Contains,O
Sentence: 22,Eg,O
Sentence: 22,:,O
Sentence: 22,KE,O
Sentence: 22,GDogaL1Sics,O
Sentence: 22,BRITANNIA,B-PRODUCT
Sentence: 22,Goboles,O
Sentence: 22,fruity,O
Sentence: 22,fun,O
Sentence: 22,6.00,O
Sentence: 22,Ye,O
Sentence: 22,25,O
Sentence: 22,),O
Sentence: 22,KB,O
Sentence: 22,/,O
Sentence: 22,S,O
Sentence: 23,LOTTE,B-BRAND
Sentence: 23,with,O
Sentence: 23,Rich,O
Sentence: 23,Marshmallow,O
Sentence: 23,Premium,O
Sentence: 23,Quality,O
Sentence: 23,Lotte,O
Sentence: 23,Choco,B-PRODUCT
Sentence: 23,Pie,I-PRODUCT
Sentence: 23,ORIGINAL,O
Sentence: 23,100,O
Sentence: 23,%,O
Sentence: 23,VEGETARIAN,O
Sentence: 23,Together,O
Sentence: 23,Forever,O
Sentence: 23,Season,O
Sentence: 23,'s,O
Sentence: 23,Greetings,O
Sentence: 23,INDIA,O
Sentence: 23,'S,O
Sentence: 23,18.0,O
Sentence: 23,Ne,O
Sentence: 23,25,O
Sentence: 23,KB,O
Sentence: 23,/,O
Sentence: 23,S,O
Sentence: 23,No,O
Sentence: 23,.,O
Sentence: 23,I,O
Sentence: 23,CHOCO,B-PRODUCT
Sentence: 23,PIE,I-PRODUCT
Sentence: 23,X18,O
Sentence: 24,BRITANNIA,B-BRAND
Sentence: 24,Little,B-PRODUCT
Sentence: 24,Nearts,I-PRODUCT
Sentence: 24,Aaoo.5,O
Sentence: 24,icts,O
Sentence: 24,BISCUITS,O
Sentence: 24,ZERO,O
Sentence: 24,Trans,O
Sentence: 24,Fat,O
Sentence: 24,14.0,O
Sentence: 24,Ye,O
Sentence: 24,24,O
Sentence: 24,KB,O
Sentence: 24,/,O
Sentence: 24,S,O
Sentence: 24,ASSIC,O
Sentence: 24,CRUNC,O
Sentence: 24,TEAR,O
Sentence: 24,HERE,O
Sentence: 25,6,O
Sentence: 25,Tea,O
Sentence: 25,16,O
Sentence: 25,%,O
Sentence: 25,OFF,O
Sentence: 25,Red,B-BRAND
Sentence: 25,Label,I-BRAND
Sentence: 25,Tea,B-PRODUCT
Sentence: 25,1,O
Sentence: 25,kg,O
Sentence: 25,7504,O
Sentence: 25,6O9,O
Sentence: 25,(,O
Sentence: 25,ZIP,O
Sentence: 25,LOCK,O
Sentence: 25,Description,O
Sentence: 25,BroÃ¶ke,O
Sentence: 25,Bond,O
Sentence: 25,Red,O
Sentence: 25,ubel,O
Sentence: 25,33.0,O
Sentence: 25,Ye,O
Sentence: 25,24,O
Sentence: 25,KB,O
Sentence: 25,/,O
Sentence: 25,S,O
Sentence: 25,CUT,O
Sentence: 25,ALONGTIIS,O
Sentence: 25,ADD,O
Sentence: 25,Experience,O
Sentence: 25,the,O
Sentence: 25,taste,O
Sentence: 25,of,O
Sentence: 25,togetherness,O
Sentence: 25,with,O
Sentence: 25,Brooke,B-BRAND
Sentence: 25,Bond,I-BRAND
Sentence: 25,Red,I-BRAND
Sentence: 25,Label,I-BRAND
Sentence: 25,Tea,B-PRODUCT
Sentence: 25,",",O
Sentence: 25,the,O
Sentence: 25,perfect,O
Sentence: 25,brew,O
Sentence: 25,for,O
Sentence: 25,every,O
Sentence: 25,tea,O
Sentence: 25,lover,O
Sentence: 25,.,O
Sentence: 25,â€¢,O
Sentence: 25,Premium,O
Sentence: 25,CTC,O
Sentence: 25,Tea,O
Sentence: 25,Leaves,O
Sentence: 25,Processed,O
Sentence: 25,at,O
Sentence: 26,NESCAFE,B-BRAND
Sentence: 26,GOLD,O
Sentence: 26,BLEND,O
Sentence: 26,Rich,O
Sentence: 26,&,O
Sentence: 26,Smooth,O
Sentence: 26,15Y,O
Sentence: 26,l,O
Sentence: 26,24,O
Sentence: 26,KB,O
Sentence: 26,/,O
Sentence: 26,S,O
Sentence: 26,NORIDIENTS,O
Sentence: 27,Colgate,B-BRAND
Sentence: 27,Cduate,O
Sentence: 27,Colgate,O
Sentence: 27,syclable,O
Sentence: 27,VISIBLE,O
Sentence: 27,",",O
Sentence: 27,WHITE,O
Sentence: 27,oXYGENATED,O
Sentence: 27,WHITENING,B-PRODUCT
Sentence: 27,WARMS,I-PRODUCT
Sentence: 27,"""",O
Sentence: 27,.,O
Sentence: 27,AND,O
Sentence: 27,WHITENS,O
Sentence: 27,TEETH,O
Sentence: 27,IN,O
Sentence: 27,3,O
Sentence: 27,DAYS,O
Sentence: 27,AROMATIC,O
Sentence: 27,MINT,O
Sentence: 27,50,O
Sentence: 27,62.0,O
Sentence: 27,Xe,O
Sentence: 27,l,O
Sentence: 27,24,O
Sentence: 27,KB,O
Sentence: 27,/,O
Sentence: 27,S,O
Sentence: 27,Colgate,B-BRAND
Sentence: 27,VISIBLE,O
Sentence: 27,WHITE,O
Sentence: 27,OXYG,O
Sentence: 27,ENATED,O
Sentence: 27,WHITENING,B-PRODUCT
Sentence: 27,WARMS,I-PRODUCT
Sentence: 27,",",O
Sentence: 27,AND,O
Sentence: 27,WHITENS,O
Sentence: 27,TEETH,O
Sentence: 27,IN,O
Sentence: 27,3,O
Sentence: 27,DAYS,O
Sentence: 27,AROMATIC,O
Sentence: 27,MINT,O
Sentence: 28,whispCI,O
Sentence: 28,z2Z,O
Sentence: 28,TO,O
Sentence: 28,NEW,O
Sentence: 28,%,O
Sentence: 28,OLEAKs,O
Sentence: 28,",",O
Sentence: 28,ALL,O
Sentence: 28,NIGHT,O
Sentence: 28,LONG,O
Sentence: 28,*,O
Sentence: 28,whiÅŸper,B-BRAND
Sentence: 28,bindazzZnights,O
Sentence: 28,94.0,O
Sentence: 28,Ye,O
Sentence: 28,24,O
Sentence: 28,KB,O
Sentence: 28,/,O
Sentence: 28,S,O
Sentence: 28,Ro1,O
Sentence: 28,M,O
Sentence: 28,",",O
Sentence: 28,NEARLY,O
Sentence: 28,40,O
Sentence: 28,%,O
Sentence: 28,XL+|,O
Sentence: 28,15,O
Sentence: 28,longer,O
Sentence: 28,317,O
Sentence: 28,mm,O
Sentence: 28,PADS,B-PRODUCT
Sentence: 28,&,O
Sentence: 28,wider,O
Sentence: 28,at,O
Sentence: 28,back,O
Sentence: 29,14,O
Sentence: 29,Units,O
Sentence: 29,Stytree,O
Sentence: 29,StÃ£ytree,B-BRAND
Sentence: 29,106Ye,O
Sentence: 29,24,O
Sentence: 29,KB,O
Sentence: 29,/,O
Sentence: 29,S,O
Sentence: 29,Dry,O
Sentence: 29,-,O
Sentence: 29,Max,O
Sentence: 29,All,O
Sentence: 29,Night,O
Sentence: 29,All,O
Sentence: 29,Nights,O
Sentence: 29,Ultra,O
Sentence: 29,-,O
Sentence: 29,Dry,O
Sentence: 29,Stayfree,O
Sentence: 29,2x,O
Sentence: 29,BETTER,O
Sentence: 29,cOVERAGE,O
Sentence: 29,*,O
Sentence: 29,ALL,O
Sentence: 29,ROUND,O
Sentence: 29,THROUGH,O
Sentence: 29,THE,O
Sentence: 29,NIGHT,O
Sentence: 29,"""",O
Sentence: 29,XXL,O
Sentence: 29,Nearly,O
Sentence: 29,40,O
Sentence: 29,%,O
Sentence: 29,Longer,O
Sentence: 30,NAN,O
Sentence: 30,ECELLApre,O
Sentence: 30,Nestle,B-BRAND
Sentence: 30,EXCELLApro,O
Sentence: 30,NAN,O
Sentence: 30,Follow,O
Sentence: 30,-,O
Sentence: 30,up,O
Sentence: 30,Formula,B-PRODUCT
Sentence: 30,Powder,I-PRODUCT
Sentence: 30,DHA,O
Sentence: 30,ARA,O
Sentence: 30,121,O
Sentence: 30,Ye,O
Sentence: 30,l,O
Sentence: 30,24,O
Sentence: 30,KB,O
Sentence: 30,/,O
Sentence: 30,S,O
Sentence: 30,Vitamins,O
Sentence: 30,Calcium,O
Sentence: 30,",",O
Sentence: 30,A,O
Sentence: 30,",",O
Sentence: 30,C&D,O
Sentence: 30,Zinc,O
Sentence: 30,&,O
Sentence: 30,Iron,O
Sentence: 30,NAN,O
Sentence: 30,NÃ¢N,O
Sentence: 30,3,O
Sentence: 30,Stage,O
Sentence: 30,After,O
Sentence: 30,12,O
Sentence: 30,months,O
Sentence: 30,Up,O
Sentence: 30,to,O
Sentence: 30,24,O
Sentence: 30,months,O
Sentence: 30,IMPORTANT,O
Sentence: 30,NOTICE,O
Sentence: 30,:,O
Sentence: 30,MOTHER,O
Sentence: 30,'S,O
Sentence: 30,MILK,O
Sentence: 30,IS,O
Sentence: 30,BEST,O
Sentence: 30,FOR,O
Sentence: 30,YOUR,O
Sentence: 30,BABY,O
Sentence: 30,.,O
Sentence: 30,NÄ€N,O
Sentence: 30,Jssal,O
Sentence: 31,(,O
Sentence: 31,NUTRICIA,B-PRODUCT
Sentence: 31,40,O
Sentence: 31,YEARS,O
Sentence: 31,OF,O
Sentence: 31,RESEARCH,O
Sentence: 31,INSPIRED,O
Sentence: 31,BY,O
Sentence: 31,EARLY,O
Sentence: 31,UIFE,O
Sentence: 31,NUTRITION,O
Sentence: 31,&,O
Sentence: 31,BABY,O
Sentence: 31,'S,O
Sentence: 31,NUTRITIONAL,O
Sentence: 31,NEEDS,O
Sentence: 31,GOLD,O
Sentence: 31,Aptamil,O
Sentence: 31,HMO,O
Sentence: 31,(,O
Sentence: 31,2'-FLJ,O
Sentence: 31,PREBIOTICS,O
Sentence: 31,DHA,O
Sentence: 31,&,O
Sentence: 31,ARA,O
Sentence: 31,VITAMINS,B-PRODUCT
Sentence: 31,&,I-PRODUCT
Sentence: 31,IRON,I-PRODUCT
Sentence: 31,INFANT,I-PRODUCT
Sentence: 31,FORMULA,I-PRODUCT
Sentence: 31,WITH,O
Sentence: 31,PREBIOTIC,O
Sentence: 31,FIBRES*%,O
Sentence: 31,&,O
Sentence: 31,HMO,O
Sentence: 31,(,O
Sentence: 31,2'-FL,O
Sentence: 31,),O
Sentence: 31,Aptamil,O
Sentence: 31,â€¢HMO,O
Sentence: 31,[,O
Sentence: 31,2,O
Sentence: 31,-,O
Sentence: 31,FL,O
Sentence: 31,],O
Sentence: 31,IS,O
Sentence: 31,NOT,O
Sentence: 31,DERIVED,O
Sentence: 31,FROM,O
Sentence: 31,HUMAN,O
Sentence: 31,MILK,O
Sentence: 31,IMPORTANT,O
Sentence: 31,NOTICE,O
Sentence: 31,:,O
Sentence: 31,MOTHERS,O
Sentence: 31,MILKIS,O
Sentence: 31,BEST,O
Sentence: 31,FOR,O
Sentence: 31,YOUR,O
Sentence: 31,BABY,O
Sentence: 31,.,O
Sentence: 31,76.0,O
Sentence: 31,Ye,O
Sentence: 31,l,O
Sentence: 31,24,O
Sentence: 31,KB,O
Sentence: 31,/,O
Sentence: 31,S,O
Sentence: 31,New,O
Sentence: 31,with,O
Sentence: 31,HMO,O
Sentence: 31,(,O
Sentence: 31,2,O
Sentence: 31,-,O
Sentence: 31,FLJP,O
Sentence: 31,1,O
Sentence: 31,FROM,O
Sentence: 31,BIRTH,O
Sentence: 32,LACTOGEN,O
Sentence: 32,4,O
Sentence: 32,NestlÄ“,B-BRAND
Sentence: 32,Follow,O
Sentence: 32,-,O
Sentence: 32,Up,O
Sentence: 32,Formula,B-PRODUCT
Sentence: 32,-,I-PRODUCT
Sentence: 32,powder,I-PRODUCT
Sentence: 32,ACTOGEN,O
Sentence: 32,PRO,O
Sentence: 32,120,O
Sentence: 32,Ye,O
Sentence: 32,l,O
Sentence: 32,24,O
Sentence: 32,4,O
Sentence: 32,KB,O
Sentence: 32,/,O
Sentence: 32,S,O
Sentence: 32,Whey,O
Sentence: 32,Protein,O
Sentence: 32,Iron,O
Sentence: 32,Vitamin,O
Sentence: 32,A,O
Sentence: 32,",",O
Sentence: 32,C&D,O
Sentence: 32,After,O
Sentence: 32,18,O
Sentence: 32,months,O
Sentence: 32,Upto,O
Sentence: 32,24,O
Sentence: 32,months,O
Sentence: 32,IMPORTANT,O
Sentence: 32,NOTICE,O
Sentence: 32,:,O
Sentence: 32,MOTHER,O
Sentence: 32,'S,O
Sentence: 32,MILK,O
Sentence: 32,IS,O
Sentence: 32,BEST,O
Sentence: 32,FOR,O
Sentence: 32,YOUR,O
Sentence: 32,BABY,O
Sentence: 32,.,O
Sentence: 32,&,O
Sentence: 32,sai,O
Sentence: 33,REMOVES1,B-BRAND
Sentence: 33,Wash,O
Sentence: 33,Tough,O
Sentence: 33,Stains,O
Sentence: 33,in,O
Sentence: 33,TOP,O
Sentence: 33,LOAD,O
Sentence: 33,3.2L,O
Sentence: 33,MEGA,O
Sentence: 33,PACK,O
Sentence: 33,3.2,O
Sentence: 33,L,O
Sentence: 33,=,O
Sentence: 33,3.2,O
Sentence: 33,kg,O
Sentence: 33,ARIEL,O
Sentence: 33,TOP,O
Sentence: 33,LOAD,O
Sentence: 33,MATIC,O
Sentence: 33,LIQUID,B-PRODUCT
Sentence: 33,DETERGENT,I-PRODUCT
Sentence: 33,7.00,O
Sentence: 33,Ye,O
Sentence: 33,l,O
Sentence: 33,24,O
Sentence: 33,of,O
Sentence: 33,Powder,O
Sentence: 33,KB,O
Sentence: 33,/,O
Sentence: 33,S,O
Sentence: 34,Detergent,B-PRODUCT
Sentence: 34,Baby,O
Sentence: 34,Laundry,B-PRODUCT
Sentence: 34,Detergent,I-PRODUCT
Sentence: 34,Kemove,O
Sentence: 34,LuvLap,O
Sentence: 34,100,O
Sentence: 34,%,O
Sentence: 34,Biodegradable,O
Sentence: 34,Anti,O
Sentence: 34,Bacterial,O
Sentence: 34,Concentrated,O
Sentence: 34,Formula,O
Sentence: 34,Free,O
Sentence: 34,from,O
Sentence: 34,Phosphate,O
Sentence: 34,&,O
Sentence: 34,Fluorescence,O
Sentence: 34,23.0,O
Sentence: 34,Ye,O
Sentence: 34,24,O
Sentence: 34,Net,O
Sentence: 34,Volume,O
Sentence: 34,:,O
Sentence: 34,1L,O
Sentence: 34,KB,O
Sentence: 34,/,O
Sentence: 34,S,O
Sentence: 35,Buy,O
Sentence: 35,1,O
Sentence: 35,Get,O
Sentence: 35,1,O
Sentence: 35,FREE,O
Sentence: 35,"""",O
Sentence: 35,wipro,B-BRAND
Sentence: 35,),O
Sentence: 35,Safe,O
Sentence: 35,washn,O
Sentence: 35,Liquid,B-PRODUCT
Sentence: 35,Detergent,I-PRODUCT
Sentence: 35,Colour,O
Sentence: 35,Protection,O
Sentence: 35,GuÃ¼Expert,O
Sentence: 35,for,O
Sentence: 35,75,O
Sentence: 35,+,O
Sentence: 35,washesA,O
Sentence: 35,"80,0",O
Sentence: 35,Ye,O
Sentence: 35,l,O
Sentence: 35,24,O
Sentence: 35,KB,O
Sentence: 35,/,O
Sentence: 35,S,O
Sentence: 35,DUAL,O
Sentence: 35,ACTION,O
Sentence: 35,DETERGENT,O
Sentence: 35,D0SACE,O
Sentence: 36,AIR,B-BRAND
Sentence: 36,WICk,I-BRAND
Sentence: 36,24/7,O
Sentence: 36,with,O
Sentence: 36,OdÃ¸r,O
Sentence: 36,Stop,O
Sentence: 36,â„¢,O
Sentence: 36,Technology,O
Sentence: 36,FRESH,B-PRODUCT
Sentence: 36,MATIC,I-PRODUCT
Sentence: 36,AUTOSPRAY,I-PRODUCT
Sentence: 36,Lavender,O
Sentence: 36,&,O
Sentence: 36,Lotus,O
Sentence: 36,89.0,O
Sentence: 36,Ye,O
Sentence: 36,l,O
Sentence: 36,24,O
Sentence: 36,KB,O
Sentence: 36,/,O
Sentence: 36,S,O
Sentence: 36,UP,O
Sentence: 36,TO,O
Sentence: 36,70,O
Sentence: 36,DAYS,O
Sentence: 36,*,O
Sentence: 36,7ODAYS,O
Sentence: 36,247,O
Sentence: 36,000us,O
Sentence: 36,Lavendor,O
Sentence: 36,&,O
Sentence: 36,Let,O
Sentence: 37,Air,B-PRODUCT
Sentence: 37,Freshener,I-PRODUCT
Sentence: 37,Light,O
Sentence: 37,&,O
Sentence: 37,fresh,O
Sentence: 37,Lavender,O
Sentence: 37,Odour,O
Sentence: 37,Neutralizer,O
Sentence: 37,50,O
Sentence: 37,g,O
Sentence: 37,Air,O
Sentence: 37,Freshen,O
Sentence: 37,10.0,O
Sentence: 37,Ne,O
Sentence: 37,l,O
Sentence: 37,24,O
Sentence: 37,KB,O
Sentence: 37,/,O
Sentence: 37,S,O
Sentence: 37,home,O
Sentence: 37,truths,O
Sentence: 37,A,O
Sentence: 37,Enduring,O
Sentence: 37,Value,O
Sentence: 37,101,O
Sentence: 37,DALMATIANs,O
Sentence: 37,cDisney,O
Sentence: 37,Customize,O
Sentence: 37,your,O
Sentence: 37,notebook,B-PRODUCT
Sentence: 37,covers,O
Sentence: 37,at,O
Sentence: 37,www.classmateshop.com,B-BRAND
Sentence: 37,108Ye,O
Sentence: 37,l,O
Sentence: 37,24,O
Sentence: 37,Classm,O
Sentence: 37,KB,O
Sentence: 37,/,O
Sentence: 37,S,O
Sentence: 37,clAsSMAte,O
Sentence: 37,2018,O
Sentence: 37,notebook,O
Sentence: 37,brand,O
Sentence: 37,is,O
Sentence: 37,nowa,O
Sentence: 37,Sur,O
Sentence: 37,erbrand,O
Sentence: 37,"""",O
Sentence: 37,Survey,O
Sentence: 37,conducted,O
Sentence: 37,by,O
Sentence: 37,lMRB,O
Sentence: 37,in,O
Sentence: 37,July,O
Sentence: 37,2018,O
Sentence: 37,.,O
Sentence: 38,edu,O
Sentence: 38,GAMES,O
Sentence: 38,inside,O
Sentence: 38,LEARN,O
Sentence: 38,WHILE,O
Sentence: 38,YoU,O
Sentence: 38,PLAY,O
Sentence: 38,14.0Ye,O
Sentence: 38,l,O
Sentence: 38,24,O
Sentence: 38,KB,O
Sentence: 38,/,O
Sentence: 38,S,O
Sentence: 38,clAssMAte,B-BRAND
Sentence: 38,EQUESTBJAN,O
Sentence: 39,Enduring,O
Sentence: 39,Valu,O
Sentence: 39,91.9Ye,O
Sentence: 39,l,O
Sentence: 39,24,O
Sentence: 39,SP,O
Sentence: 39,KB,O
Sentence: 39,/,O
Sentence: 39,S,O
Sentence: 39,clAsSMAte,B-BRAND
Sentence: 39,CHHOTA,O
Sentence: 40,3249053,O
Sentence: 40,Dettol,B-BRAND
Sentence: 40,BE,O
Sentence: 40,100,O
Sentence: 40,%,O
Sentence: 40,SURE,O
Sentence: 40,RICOMME,O
Sentence: 40,NOED,O
Sentence: 40,BY,O
Sentence: 40,iNDIAN,O
Sentence: 40,MEDICAL,O
Sentence: 40,ASSOCATION,O
Sentence: 40,ORIGINAL,O
Sentence: 40,GERM,O
Sentence: 40,DEFENCE,O
Sentence: 40,LIQUID,B-PRODUCT
Sentence: 40,HANDWASH,I-PRODUCT
Sentence: 40,PROTECTS,O
Sentence: 40,FROM,O
Sentence: 40,99.99,O
Sentence: 40,%,O
Sentence: 40,NEW,O
Sentence: 40,&,O
Sentence: 40,IMPROVED,O
Sentence: 40,FORMULA,O
Sentence: 40,"""",O
Sentence: 40,ILLNESS,O
Sentence: 40,CAUSING,O
Sentence: 40,GERMS,O
Sentence: 40,*,O
Sentence: 40,OISTUA,O
Sentence: 40,SOF1,O
Sentence: 40,WANDS,O
Sentence: 41,Gmston,B-BRAND
Sentence: 41,Bata,I-BRAND
Sentence: 41,ish,O
Sentence: 41,INDOOR,B-PRODUCT
Sentence: 41,AQUA,I-PRODUCT
Sentence: 41,&,I-PRODUCT
Sentence: 41,PLANTS,I-PRODUCT
Sentence: 41,6,O
Sentence: 41,Fighter,O
Sentence: 41,fish,O
Sentence: 41,can,O
Sentence: 41,survive,O
Sentence: 41,upto,O
Sentence: 41,4,O
Sentence: 41,days,O
Sentence: 41,without,O
Sentence: 41,food,O
Sentence: 41,Instructions,O
Sentence: 41,:,O
Sentence: 41,-,O
Sentence: 41,Feed.2,O
Sentence: 41,Pellets,O
Sentence: 41,/day,O
Sentence: 41,Change,O
Sentence: 41,water,O
Sentence: 41,7,O
Sentence: 41,to,O
Sentence: 41,10,O
Sentence: 41,day,O
Sentence: 41,'s,O
Sentence: 41,9031,O
Sentence: 41,1123,O
Sentence: 41,Amston,O
Sentence: 41,",",O
Sentence: 41,No,O
Sentence: 41,.,O
Sentence: 41,73,O
Sentence: 41,",",O
Sentence: 41,Sy,O
Sentence: 41,.,O
Sentence: 41,No,O
Sentence: 41,.,O
Sentence: 41,6,O
Sentence: 41,",",O
Sentence: 41,Bandapura,O
Sentence: 41,Village,O
Sentence: 41,",",O
Sentence: 41,Bangalore-560,O
Sentence: 41,049,O
Sentence: 41,",",O
Sentence: 41,Phone:9353899395,O
Sentence: 42,Peppermint,B-PRODUCT
Sentence: 42,ce,O
Sentence: 42,70X,O
Sentence: 42,Langer,O
Sentence: 42,lasting,O
Sentence: 42,COoling,O
Sentence: 42,Colgate,B-BRAND
Sentence: 42,Blue,O
Sentence: 42,Gel,O
Sentence: 42,Anticavity,O
Sentence: 42,Toothpaste,O
Sentence: 42,with,O
Sentence: 42,COOLING,O
Sentence: 42,CRYSTALS,O
Sentence: 42,Maxfresh,O
Sentence: 42,NEW,O
Sentence: 43,EVETEX,O
Sentence: 43,Pallavi,O
Sentence: 43,KUMKUM,O
Sentence: 43,MAROON,O
Sentence: 44,REMOVES,O
Sentence: 44,99.9,O
Sentence: 44,%,O
Sentence: 44,GERMS,O
Sentence: 44,FROM,O
Sentence: 44,THE,O
Sentence: 44,WHOLE,O
Sentence: 44,MOUTH,O
Sentence: 44,MOUTHWASH,B-PRODUCT
Sentence: 44,LISTERINE,B-BRAND
Sentence: 44,309120,O
Sentence: 44,ORIGINAL,O
Sentence: 44,250,O
Sentence: 44,ml,O
Sentence: 44,TO,O
Sentence: 44,HELP,O
Sentence: 44,PREVENT,O
Sentence: 44,GUM,O
Sentence: 44,PROBLEMS,O
Sentence: 44,",",O
Sentence: 44,BAD,O
Sentence: 44,BREATH,O
Sentence: 44,AND,O
Sentence: 44,PLAQUE,O
Sentence: 44,308633,O
Sentence: 45,Permethin,B-BRAND
Sentence: 45,Cream,B-PRODUCT
Sentence: 45,Perlice,I-PRODUCT
Sentence: 45,',O
Sentence: 45,CRÃˆME,O
Sentence: 45,RINSE,O
Sentence: 45,CURATIO,O
Sentence: 46,MRP,O
Sentence: 46,inclusive,O
Sentence: 46,o,O
Sentence: 46,of,O
Sentence: 46,all,O
Sentence: 46,taxes,O
Sentence: 46,provmsdds,O
Sentence: 46,BNo,O
Sentence: 46,.,O
Sentence: 46,Md,O
Sentence: 46,239.23,O
Sentence: 46,36,O
Sentence: 46,L1,O
Sentence: 46,4,O
Sentence: 46,03/23,O
Sentence: 46,0,O
Sentence: 46,2/,O
Sentence: 46,25,O
Sentence: 46,Manutactured,O
Sentence: 46,by,O
Sentence: 46,:,O
Sentence: 46,Encube,O
Sentence: 46,Ethicals,O
Sentence: 46,Pot,O
Sentence: 46,No,O
Sentence: 46,.,O
Sentence: 46,C1,O
Sentence: 46,",",O
Sentence: 46,Madkaim,O
Sentence: 46,Ind.,O
Sentence: 46,Estate,O
Sentence: 46,",",O
Sentence: 46,Madkaim,O
Sentence: 46,Post,O
Sentence: 46,Mardol,O
Sentence: 46,",",O
Sentence: 46,Ponda,O
Sentence: 46,",",O
Sentence: 46,Goa,O
Sentence: 46,-,O
Sentence: 46,403,O
Sentence: 46,404,O
Sentence: 46,",",O
Sentence: 46,nda,O
Sentence: 46,Marketed,O
Sentence: 46,by,O
Sentence: 46,:,O
Sentence: 46,CURATIO,O
Sentence: 46,Curatio,O
Sentence: 46,Health,O
Sentence: 46,Care,O
Sentence: 46,(,O
Sentence: 46,),O
Sentence: 46,Private,O
Sentence: 46,Limited,O
Sentence: 46,Mamatha,O
Sentence: 46,Complex,O
Sentence: 46,",",O
Sentence: 46,4th,O
Sentence: 46,Floor,O
Sentence: 46,",",O
Sentence: 46,No,O
Sentence: 46,.,O
Sentence: 46,25/13,O
Sentence: 46,",",O
Sentence: 46,Whites,O
Sentence: 46,Road,O
Sentence: 46,.,O
Sentence: 46,",",O
Sentence: 46,Royapettah,O
Sentence: 46,",",O
Sentence: 46,Chennai-,O
Sentence: 46,600,O
Sentence: 46,014,O
Sentence: 46,",",O
Sentence: 46,India,O
Sentence: 46,.,O
Sentence: 46,Avoid,O
Sentence: 46,contact,O
Sentence: 46,with,O
Sentence: 46,eyes,O
Sentence: 46,.,O
Sentence: 46,Never,O
Sentence: 46,use,O
Sentence: 46,Perlice,O
Sentence: 46,',O
Sentence: 46,g,O
Sentence: 46,crÃªme,O
Sentence: 46,rinse,O
Sentence: 46,on,O
Sentence: 46,eyelÃ¡shes,O
Sentence: 46,or,O
Sentence: 46,eyebrows,O
Sentence: 46,Store,O
Sentence: 46,at,O
Sentence: 46,a,O
Sentence: 46,temperature,O
Sentence: 46,not,O
Sentence: 46,exceeding,O
Sentence: 46,25C,O
Sentence: 46,Do,O
Sentence: 46,not,O
Sentence: 46,freeze,O
Sentence: 46,Pt,O
Sentence: 46,L,O
Sentence: 46,Keep,O
Sentence: 46,out,O
Sentence: 46,of,O
Sentence: 46,reach,O
Sentence: 46,of,O
Sentence: 46,children,O
Sentence: 46,.,O
Sentence: 46,Shake,O
Sentence: 46,well,O
Sentence: 46,before,O
Sentence: 46,use,O
Sentence: 46,FOR,O
Sentence: 46,EXTERNAL,O
Sentence: 46,USE,O
Sentence: 46,ONLY,O
Sentence: 46,wite,O
Sentence: 46,to,O
Sentence: 46,.,O
Sentence: 46,Customercaret,O
Sentence: 46,Ocuratioheathcara,O
Sentence: 46,a,O
Sentence: 46,queries,O
Sentence: 46,",",O
Sentence: 46,please,O
Sentence: 46,call,O
Sentence: 46,:,O
Sentence: 46,+91,O
Sentence: 46,96770,O
Sentence: 46,4868,O
Sentence: 46,Mig,O
Sentence: 46,.,O
Sentence: 46,Lic,O
Sentence: 46,.,O
Sentence: 46,No,O
Sentence: 46,.,O
Sentence: 46,361,O
Sentence: 46,Â®,O
Sentence: 46,Hegistered,O
Sentence: 46,Tade,O
Sentence: 46,kh,O
Sentence: 47,AXE,B-BRAND
Sentence: 47,GOLD,O
Sentence: 47,TEMPTATION,O
Sentence: 47,EXOTIC,O
Sentence: 47,SPICED,O
Sentence: 47,FRAGRANCE,O
Sentence: 47,BODYSPRAY,B-PRODUCT
Sentence: 47,DEODORANT,I-PRODUCT
Sentence: 47,48H,O
Sentence: 47,DUAL,O
Sentence: 47,ACTION,O
Sentence: 47,TECHNOLOGY,O
Sentence: 47,DEN,O
Sentence: 47,VER,O
Sentence: 47,Morning,O
Sentence: 47,Fresh,O
Sentence: 47,POV,O
Sentence: 47,WER,O
Sentence: 47,RLast,O
Sentence: 47,TochnologY,O
Sentence: 47,xx,O
Sentence: 47,Derver,O
Sentence: 47,ngineered,O
Sentence: 48,willh,O
Sentence: 48,OIRECTION,O
Sentence: 48,:,O
Sentence: 48,Shake,O
Sentence: 48,can,O
Sentence: 48,well,O
Sentence: 48,betors,O
Sentence: 48,WARNING,O
Sentence: 48,:,O
Sentence: 48,ContenS,O
Sentence: 48,Under,O
Sentence: 48,yo,O
Sentence: 48,ANROSe,O
Sentence: 48,lO,O
Sentence: 48,Sn,O
Sentence: 48,or,O
Sentence: 48,heat,O
Sentence: 48,abOve,O
Sentence: 48,50,O
Sentence: 48,Â°,O
Sentence: 48,C,O
Sentence: 48,CIerate,O
Sentence: 48,Container,O
Sentence: 48,even,O
Sentence: 48,wherneMpy,O
Sentence: 48,atth,O
Sentence: 48,ve,O
Sentence: 48,or,O
Sentence: 48,incandescent,O
Sentence: 48,b0dy,O
Sentence: 48,Keep,O
Sentence: 48,aNay,O
Sentence: 48,ro,O
Sentence: 48,HO,O
Sentence: 48,inhale,O
Sentence: 48,.,O
Sentence: 48,Do,O
Sentence: 48,not,O
Sentence: 48,use,O
Sentence: 48,in,O
Sentence: 48,any,O
Sentence: 48,way,O
Sentence: 48,he,O
Sentence: 48,product,O
Sentence: 48,is,O
Sentence: 48,intended,O
Sentence: 48,.,O
Sentence: 48,hlorofluorocarbons,O
Sentence: 48,),O
Sentence: 48,.,O
Sentence: 48,Avoid,O
Sentence: 48,contacty,O
Sentence: 48,NGREDIENTS,O
Sentence: 48,:,O
Sentence: 48,Propellant,O
Sentence: 48,(,O
Sentence: 48,Butane,O
Sentence: 48,",",O
Sentence: 48,Prop,O
Sentence: 48,ACohol,O
Sentence: 48,Denatured,O
Sentence: 48,",",O
Sentence: 48,Fragrance,O
Sentence: 48,",",O
Sentence: 48,DM,O
Sentence: 48,Wats,O
Sentence: 48,Giycol,O
Sentence: 48,",",O
Sentence: 48,Diethyl,O
Sentence: 48,phthalate,O
Sentence: 48,",",O
Sentence: 48,Tri,O
Sentence: 48,tEthyi,O
Sentence: 48,Citrate,O
Sentence: 48,.,O
Sentence: 48,Alcohol,O
Sentence: 48,w,O
Sentence: 48,/,O
Sentence: 48,w,O
Sentence: 48,",",O
Sentence: 48,Ethyl,O
Sentence: 48,Alcoh,O
Sentence: 48,with,O
Sentence: 48,1,O
Sentence: 48,%,O
Sentence: 48,W,O
Sentence: 48,/,O
Sentence: 48,w,O
Sentence: 48,Diethyl,O
Sentence: 48,Phthalate,O
Sentence: 48,.,O
Sentence: 48,FOR,O
Sentence: 48,FEEDBACK,O
Sentence: 48,OR,O
Sentence: 48,C,O
Sentence: 48,the,O
Sentence: 48,body,O
Sentence: 48,.,O
Sentence: 48,and,O
Sentence: 48,spray,O
Sentence: 48,.,O
Sentence: 48,or,O
Sentence: 48,children,O
Sentence: 48,under,O
Sentence: 48,3,O
Sentence: 48,years,O
Sentence: 48,.,O
Sentence: 48,Flammable,O
Sentence: 48,",",O
Sentence: 48,EOR,O
Sentence: 48,SUGGESTIONS,O
Sentence: 48,.,O
Sentence: 48,Content,O
Sentence: 48,36,O
Sentence: 48,%,O
Sentence: 48,MRP,O
Sentence: 48,.,O
Sentence: 48,MKtd,O
Sentence: 48,By,O
Sentence: 48,:,O
Sentence: 48,VANESA,O
Sentence: 48,CARE,O
Sentence: 48,PVT,O
Sentence: 48,.,O
Sentence: 48,LTD.18,O
Sentence: 48,",",O
Sentence: 48,G5,O
Sentence: 48,New,O
Sentence: 48,Delhi-1,O
Sentence: 48,110005,O
Sentence: 48,Customer,O
Sentence: 48,Care,O
Sentence: 48,No,O
Sentence: 48,.,O
Sentence: 48,r,O
Sentence: 48,E,O
Sentence: 48,-,O
Sentence: 48,mail,O
Sentence: 48,:,O
Sentence: 48,ccare@vanesa.co.in,O
Sentence: 48,",",O
Sentence: 48,Web,O
Sentence: 48,..,O
Sentence: 48,ww.are,O
Sentence: 48,MMd,O
Sentence: 48,By,O
Sentence: 48,:,O
Sentence: 48,(,O
Sentence: 48,A,O
Sentence: 48,),O
Sentence: 48,VANESA,O
Sentence: 48,COSMETICS,O
Sentence: 48,196/18,O
Sentence: 48,Johron,O
Sentence: 48,",",O
Sentence: 48,Trilokpur,O
Sentence: 48,road,O
Sentence: 48,",",O
Sentence: 48,Kala,O
Sentence: 48,Amb,O
Sentence: 48,",",O
Sentence: 48,Dist,O
Sentence: 48,ML,O
Sentence: 48,No,O
Sentence: 48,.,O
Sentence: 48,HIM,O
Sentence: 48,/,O
Sentence: 48,COS/06/93,O
Sentence: 48,.,O
Sentence: 48,St,O
Sentence: 48,Exc,O
Sentence: 48,.,O
Sentence: 48,Lic,O
Sentence: 48,.,O
Sentence: 48,No,O
Sentence: 48,.,O
Sentence: 48,:,O
Sentence: 48,SIM,O
Sentence: 48,/,O
Sentence: 48,M&TP,O
Sentence: 48,/,O
Sentence: 48,L-1/07/2008,O
Sentence: 48,-,O
Sentence: 48,09,O
Sentence: 48,B,O
Sentence: 48,),O
Sentence: 48,VANESA,O
Sentence: 48,COSMETICS,O
Sentence: 48,PVT,O
Sentence: 48,.,O
Sentence: 48,LTD,O
Sentence: 48,.,O
Sentence: 48,",",O
Sentence: 48,Baroit,O
Sentence: 48,Area,O
Sentence: 48,",",O
Sentence: 48,Distt,O
Sentence: 48,.,O
Sentence: 48,Sonepat,O
Sentence: 48,",",O
Sentence: 48,Haryana-,O
Sentence: 48,131,O
Sentence: 48,104,O
Sentence: 48,ML,O
Sentence: 48,No,O
Sentence: 48,.,O
Sentence: 48,251,O
Sentence: 48,COS(H,O
Sentence: 48,),O
Sentence: 48,",",O
Sentence: 48,St.,O
Sentence: 48,Exc,O
Sentence: 48,.,O
Sentence: 48,Lic,O
Sentence: 48,.,O
Sentence: 48,No,O
Sentence: 48,.,O
Sentence: 48,:,O
Sentence: 48,L42,O
Sentence: 48,Net,O
Sentence: 48,Contents,O
Sentence: 48,:,O
Sentence: 48,MFD,O
Sentence: 48,.,O
Sentence: 48,(,O
Sentence: 48,tragra,O
Sentence: 48,OLOF,O
Sentence: 48,ALL,O
Sentence: 48,TAXES,O
Sentence: 48,),O
Sentence: 48,BATCH,O
Sentence: 48,NO,O
Sentence: 48,.,O
Sentence: 48,USE,O
Sentence: 48,BEFORE,O
Sentence: 48,Vanesa,O
Sentence: 48,165,O
Sentence: 48,ml/106,O
Sentence: 48,g,O
Sentence: 48,RS,O
Sentence: 48,.,O
Sentence: 48,220,O
Sentence: 48,.,O
Sentence: 48,00,O
Sentence: 48,03/2021,O
Sentence: 48,..,O
Sentence: 48,E,O
Sentence: 48,-,O
Sentence: 48,DiF,O
Sentence: 48,$,O
Sentence: 48,220,O
Sentence: 48,02/2024,O
Sentence: 49,WORLD,O
Sentence: 49,'S,O
Sentence: 49,NO.1,O
Sentence: 49,HAIR,B-PRODUCT
Sentence: 49,OIL,I-PRODUCT
Sentence: 49,NEW,O
Sentence: 49,PACK,O
Sentence: 49,Dabur,B-BRAND
Sentence: 49,Aula,O
Sentence: 49,STRONG,O
Sentence: 49,LONGER,O
Sentence: 49,sTHICKER,O
Sentence: 49,Hai,O
Sentence: 49,Store,O
Sentence: 49,away,O
Sentence: 49,fam,O
Sentence: 49,snlight,O
Sentence: 49,Based,O
Sentence: 49,on,O
Sentence: 49,independent,O
Sentence: 49,agency,O
Sentence: 49,report,O
Sentence: 49,.,O
Sentence: 49,For,O
Sentence: 49,detai,O
Sentence: 49,Visit,O
Sentence: 49,daburamla.com,B-BRAND
Sentence: 49,Dabur,O
Sentence: 49,Amla,O
Sentence: 49,Hair,B-PRODUCT
Sentence: 49,OiI,I-PRODUCT
Sentence: 49,Stronger,O
Sentence: 49,",",O
Sentence: 49,Longer,O
Sentence: 49,",",O
Sentence: 49,Thicker,O
Sentence: 49,Halr,O
Sentence: 49,8ll901,O
Sentence: 49,207l0,O
Sentence: 49,19029||,O
Sentence: 49,Net,O
Sentence: 49,Vol,O
Sentence: 49,..,O
Sentence: 49,For,O
Sentence: 49,nane,O
Sentence: 49,and,O
Sentence: 49,addresSs,O
Sentence: 49,of,O
Sentence: 49,mig,O
Sentence: 49,.,O
Sentence: 49,unit,O
Sentence: 49,",",O
Sentence: 49,read,O
Sentence: 49,tihe,O
Sentence: 49,lirst,O
Sentence: 49,huo,O
Sentence: 49,ctaracta,O
Sentence: 49,of,O
Sentence: 49,batch,O
Sentence: 49,code,O
Sentence: 49,&,O
Sentence: 49,see,O
Sentence: 49,below,O
Sentence: 49,:,O
Sentence: 49,BM,O
Sentence: 49,),O
Sentence: 49,Dabur,O
Sentence: 49,India,O
Sentence: 49,Limited,O
Sentence: 49,",",O
Sentence: 49,Village,O
Sentence: 49,Manakpur,O
Sentence: 49,",",O
Sentence: 49,Tehsil,O
Sentence: 49,Baddi,O
Sentence: 49,",",O
Sentence: 49,DÃ­stt,O
Sentence: 49,.,O
Sentence: 49,Solan,O
Sentence: 49,",",O
Sentence: 49,HP,O
Sentence: 49,-,O
Sentence: 49,174101,O
Sentence: 49,",",O
Sentence: 49,M,O
Sentence: 49,-,O
Sentence: 49,HIM,O
Sentence: 49,/,O
Sentence: 49,COS/,O
Sentence: 49,09/140,O
Sentence: 49,.,O
Sentence: 49,BT,O
Sentence: 49,),O
Sentence: 49,Dabur,O
Sentence: 49,India,O
Sentence: 49,Limited,O
Sentence: 49,",",O
Sentence: 49,I.G.C.,O
Sentence: 49,",",O
Sentence: 49,Balipara,O
Sentence: 49,",",O
Sentence: 49,P.0.-Ghoramari,O
Sentence: 49,",",O
Sentence: 49,Distt,O
Sentence: 49,.,O
Sentence: 49,Sonitpur,O
Sentence: 49,-784105,O
Sentence: 49,",",O
Sentence: 49,Assam,O
Sentence: 49,",",O
Sentence: 49,M,O
Sentence: 49,-,O
Sentence: 49,C-42M/2017,O
Sentence: 49,.,O
Sentence: 49,Regd,O
Sentence: 49,.,O
Sentence: 49,Office,O
Sentence: 49,&,O
Sentence: 49,Consumer,O
Sentence: 49,Cell,O
Sentence: 49,:,O
Sentence: 49,83,O
Sentence: 49,",",O
Sentence: 49,Asaf,O
Sentence: 49,Ali,O
Sentence: 49,Road,O
Sentence: 49,",",O
Sentence: 49,New,O
Sentence: 49,DelhÃ­-,O
Sentence: 49,110002,O
Sentence: 49,",",O
Sentence: 49,E,O
Sentence: 49,-,O
Sentence: 49,mail,O
Sentence: 49,:,O
Sentence: 49,daburcares@dabur.com,O
Sentence: 49,",",O
Sentence: 49,Toll,O
Sentence: 49,Free,O
Sentence: 49,:,O
Sentence: 49,1800,O
Sentence: 49,-,O
Sentence: 49,103,O
Sentence: 49,-,O
Sentence: 49,1644,O
Sentence: 49,.,O
Sentence: 49,INGREDIENTS,O
Sentence: 49,:,O
Sentence: 49,Mineral,O
Sentence: 49,Oil,O
Sentence: 49,49.8,O
Sentence: 49,%,O
Sentence: 49,",",O
Sentence: 49,Vegetable,O
Sentence: 49,Oiis,O
Sentence: 49,including,O
Sentence: 49,Amla,O
Sentence: 49,extract,O
Sentence: 49,473,O
Sentence: 49,%,O
Sentence: 49,",",O
Sentence: 49,Sugandhit,O
Sentence: 49,dravya,O
Sentence: 49,",",O
Sentence: 49,Antioxidant,O
Sentence: 49,-,O
Sentence: 49,TBHO,O
Sentence: 49,",",O
Sentence: 49,C.L-12740,O
Sentence: 49,",",O
Sentence: 49,C.l.-61565,O
Sentence: 49,&,O
Sentence: 49,GI-26100,O
Sentence: 49,12231707o,O
Sentence: 49,450,O
Sentence: 49,ml,O
Sentence: 49,See,O
Sentence: 49,below,O
Sentence: 49,MRP,O
Sentence: 49,Rs,O
Sentence: 49,",",O
Sentence: 49,(,O
Sentence: 49,incl,O
Sentence: 49,..,O
Sentence: 49,of,O
Sentence: 49,all,O
Sentence: 49,taxes,O
Sentence: 49,),O
Sentence: 49,.,O
Sentence: 49,Batch,O
Sentence: 49,No,O
Sentence: 49,.,O
Sentence: 49,Mfd,O
Sentence: 49,.,O
Sentence: 49,&,O
Sentence: 49,Use,O
Sentence: 49,before,O
Sentence: 49,Rs,O
Sentence: 49,199,O
Sentence: 49,00,O
Sentence: 49,BTO1036,O
Sentence: 49,10/20,O
Sentence: 49,10/23,O
Sentence: 49,Bottle,O
Sentence: 49,RD,O
Sentence: 49,No.252839,O
Sentence: 50,Paracute,B-BRAND
Sentence: 50,ADVANSEDM,O
Sentence: 50,COcONUT,B-PRODUCT
Sentence: 50,HAIR,I-PRODUCT
Sentence: 50,olL,I-PRODUCT
Sentence: 50,With,O
Sentence: 50,100,O
Sentence: 50,%,O
Sentence: 50,pure,O
Sentence: 50,COconut,O
Sentence: 50,ot,O
Sentence: 50,for,O
Sentence: 50,long,O
Sentence: 50,&,O
Sentence: 50,strong,O
Sentence: 50,hai,O
Sentence: 51,NET,O
Sentence: 51,OTY,O
Sentence: 51,Vetale,B-BRAND
Sentence: 51,M,O
Sentence: 51,Code,O
Sentence: 51,FHHO05,O
Sentence: 51,MED,O
Sentence: 51,DEEP,O
Sentence: 51,FOR,O
Sentence: 51,LOHGB,O
Sentence: 51,W,O
Sentence: 51,STRONG,O
Sentence: 51,C,O
Sentence: 51,KHAIR,O
Sentence: 51,US,O
Sentence: 51,BEFORE,O
Sentence: 51,:,O
Sentence: 51,BATCH,O
Sentence: 51,NO,O
Sentence: 51,.,O
Sentence: 51,190,O
Sentence: 51,ml,O
Sentence: 51,nct,O
Sentence: 51,ot,O
Sentence: 51,all,O
Sentence: 51,taxes,O
Sentence: 51,),O
Sentence: 51,SEE,O
Sentence: 51,ABOVE,O
Sentence: 52,Oghngis,O
Sentence: 52,"""",O
Sentence: 52,buds,O
Sentence: 52,',O
Sentence: 52,provmsdds,O
Sentence: 52,7IPS,O
Sentence: 52,Gentle,O
Sentence: 52,cleansing,O
Sentence: 52,around,O
Sentence: 52,the,O
Sentence: 52,earS,O
Sentence: 53,sppsuOJt,O
Sentence: 53,Masala,B-PRODUCT
Sentence: 53,India,O
Sentence: 53,'s,O
Sentence: 53,Magic,O
Sentence: 53,URE,O
Sentence: 53,GHIP,O
Sentence: 53,.,O
Sentence: 53,25,O
Sentence: 53,%,O
Sentence: 53,",",O
Sentence: 53,20,O
Sentence: 54,GLIITE,O
Sentence: 54,FREE,O
Sentence: 54,500,O
Sentence: 54,100a,O
Sentence: 54,CAB,O
Sentence: 54,AIDE,O
Sentence: 54,MOVIE,O
Sentence: 54,provmsdds,O
Sentence: 54,o00,O
Sentence: 54,SERVIC,O
Sentence: 54,OROCERY,O
Sentence: 54,CORNITOS,B-BRAND
Sentence: 54,Nacho,B-PRODUCT
Sentence: 54,Grisps,I-PRODUCT
Sentence: 54,CHEESE,O
Sentence: 54,AND,O
Sentence: 54,HERBS,O
Sentence: 54,SOME,O
Sentence: 54,THINGS,O
Sentence: 54,APE,O
Sentence: 54,MADE,O
Sentence: 54,FOR,O
Sentence: 54,EACHY,O
Sentence: 54,UKE,O
Sentence: 54,THE,O
Sentence: 54,UNIQUE,O
Sentence: 54,COMBINA,O
Sentence: 54,CHEDDAR,O
Sentence: 54,CHEESE,O
Sentence: 54,&,O
Sentence: 54,COOLITALIA,O
Sentence: 54,DIE,O
Sentence: 54,-,O
Sentence: 54,HARD,O
Sentence: 54,CHEESE,O
Sentence: 54,LOVER,O
Sentence: 54,OR,O
Sentence: 54,SIMPLY,O
Sentence: 54,YOU'L,O
Sentence: 54,FAVLIN,O
Sentence: 54,LOVE,O
Sentence: 54,FOA,O
Sentence: 55,TTA,B-BRAND
Sentence: 55,Atta,O
Sentence: 55,Noodi,B-BRAND
Sentence: 55,:,O
Sentence: 55,Break,O
Sentence: 55,the,O
Sentence: 55,(,O
Sentence: 55,apptox,O
Sentence: 55,.,O
Sentence: 55,1,O
Sentence: 55,cup,O
Sentence: 55,),O
Sentence: 55,of,O
Sentence: 55,â€¢TASTEMAKERO,O
Sentence: 55,T0,O
Sentence: 55,225,O
Sentence: 55,Add,O
Sentence: 55,Noodles,O
Sentence: 55,tnd,O
Sentence: 55,Maa,O
Sentence: 55,Lald,O
Sentence: 55,Lar,O
Sentence: 55,1,O
Sentence: 55,driain,O
Sentence: 55,rete,O
Sentence: 55,0CcaSIo,O
Sentence: 55,PREPARATION,O
Sentence: 55,instant,O
Sentence: 55,Noodles,O
Sentence: 55,average,O
Sentence: 55,adulr,O
Sentence: 55,{,O
Sentence: 55,2000,O
Sentence: 55,72.5,O
Sentence: 55,g,O
Sentence: 55,%,O
Sentence: 55,of,O
Sentence: 55,Guidetine,O
Sentence: 55,Daily,O
Sentence: 55,Amounts,O
Sentence: 55,of,O
Sentence: 55,a,O
Sentence: 55,ber,O
Sentence: 55,neodtes,O
Sentence: 55,VEG,O
Sentence: 55,ATTA,O
Sentence: 55,sala,O
Sentence: 55,121,O
Sentence: 55,serve,O
Sentence: 55,is,O
Sentence: 55,23,O
Sentence: 55,kcall,O
Sentence: 55,8.0,O
Sentence: 55,9,O
Sentence: 55,SO,O
Sentence: 55,a,O
Sentence: 55,source,O
Sentence: 55,of,O
Sentence: 55,unte,O
Sentence: 55,NASQ,O
Sentence: 55,CES,O
Sentence: 55,&,O
Sentence: 55,he,O
Sentence: 55,Belicious,O
Sentence: 55,Ifa,O
Sentence: 55,1.59,O
Sentence: 55,584.2,O
Sentence: 55,K,O
Sentence: 55,Magg,O
Sentence: 55,Nuti,O
Sentence: 55,-,O
Sentence: 55,licious,O
Sentence: 55,Suggested,O
Sentence: 55,arnishing,O
Sentence: 56,sppsuaoJd,O
Sentence: 56,100%CoFFEE,B-PRODUCT
Sentence: 56,PURE,O
Sentence: 56,CLASSIC,O
Sentence: 56,NESCAFE,B-BRAND
Sentence: 56,.,O
Sentence: 56,POWDER,O
Sentence: 56,SOLJBLE,O
Sentence: 56,COFFEE,O
Sentence: 56,Adn,O
Sentence: 57,Dabu,B-BRAND
Sentence: 57,Chyawanash,B-PRODUCT
Sentence: 57,3x,O
Sentence: 57,MIMUNITY,O
Sentence: 57,ICTION,O
Sentence: 57,tUNICALI,O
Sentence: 57,TESTEL,O
Sentence: 58,A,O
Sentence: 58,TATA,B-BRAND
Sentence: 58,Produc,O
Sentence: 58,FARSJA,O
Sentence: 58,Crisp,O
Sentence: 58,&,O
Sentence: 58,Chatpata,O
Sentence: 58,Aloo,B-PRODUCT
Sentence: 58,Bhujia,I-PRODUCT
Sentence: 58,Tuded,O
Sentence: 58,Fried,O
Sentence: 58,Indian,O
Sentence: 58,Snack,O
Sentence: 59,48,O
Sentence: 59,de,O
Sentence: 59,",",O
Sentence: 59,Arwter,O
Sentence: 59,Dred,O
Sentence: 59,Tomatoes,B-PRODUCT
Sentence: 59,per,O
Sentence: 59,Sere,O
Sentence: 59,Solt,O
Sentence: 59,Acitty,O
Sentence: 59,Regulator,O
Sentence: 59,Flavouing,O
Sentence: 59,14.99,O
Sentence: 59,0.00,O
Sentence: 59,32.99,O
Sentence: 59,31.34,O
Sentence: 59,Powder,O
Sentence: 59,Re,O
Sentence: 59,0.00,O
Sentence: 59,30.00,O
Sentence: 59,don,O
Sentence: 59,the,O
Sentence: 59,basis,O
Sentence: 59,e,O
Sentence: 59,adult,O
Sentence: 59,per,O
Sentence: 59,day,O
Sentence: 59,.,O
Sentence: 59,ivate,O
Sentence: 59,Limited,O
Sentence: 59,",",O
Sentence: 59,Plot,O
Sentence: 59,Rajasthan-,O
Sentence: 59,342304,O
Sentence: 59,Buiding,O
Sentence: 59,",",O
Sentence: 59,2-,O
Sentence: 59,floot,O
Sentence: 59,",",O
Sentence: 59,STORE,O
Sentence: 59,IN,O
Sentence: 59,AN,O
Sentence: 59,diligently,O
Sentence: 59,processed,O
Sentence: 59,Seasoned,O
Sentence: 59,wth,O
Sentence: 59,a,O
Sentence: 59,zesty,O
Sentence: 59,mix,O
Sentence: 59,of,O
Sentence: 59,traditional,O
Sentence: 59,spices,O
Sentence: 59,which,O
Sentence: 59,is,O
Sentence: 59,the,O
Sentence: 59,Fabsta,O
Sentence: 59,",",O
Sentence: 59,a,O
Sentence: 59,brand,O
Sentence: 59,from,O
Sentence: 59,the,O
Sentence: 59,Tata,O
Sentence: 59,Group,O
Sentence: 59,",",O
Sentence: 59,comes,O
Sentence: 59,with,O
Sentence: 59,a,O
Sentence: 59,promise,O
Sentence: 59,lantalize,O
Sentence: 59,you,O
Sentence: 59,taste,O
Sentence: 59,buds,O
Sentence: 59,with,O
Sentence: 59,this,O
Sentence: 59,crispy,O
Sentence: 59,and,O
Sentence: 59,i,O
Sentence: 59,iesistibly,O
Sentence: 59,tasty,O
Sentence: 59,unforgettable,O
Sentence: 59,culinary,O
Sentence: 59,experience,O
Sentence: 59,that,O
Sentence: 59,brings,O
Sentence: 59,families,O
Sentence: 59,togethe,O
Sentence: 59,of,O
Sentence: 59,happiness,O
Sentence: 59,.,O
Sentence: 59,Fabsta,O
Sentence: 59,Aloo,O
Sentence: 59,Bhuia,O
Sentence: 59,is,O
Sentence: 59,made,O
Sentence: 59,from,O
Sentence: 59,diligenty,O
Sentence: 59,FOR,O
Sentence: 59,CUSTOMER,O
Sentence: 59,FEEDBACK,O
Sentence: 59,CO,O
Sentence: 59,MPLANT,O
Sentence: 59,.,O
Sentence: 59,WRITE,O
Sentence: 59,TO,O
Sentence: 59,MANAGER,O
Sentence: 59,CONSUMER,O
Sentence: 59,VAREA,O
Sentence: 59,&,O
Sentence: 59,MARKETED,O
Sentence: 59,BY,O
Sentence: 59,ADDRESS,O
Sentence: 59,OR,O
Sentence: 59,CALL,O
Sentence: 59,US,O
Sentence: 59,AT,O
Sentence: 59,09029002233,O
Sentence: 59,OR,O
Sentence: 59,EMAIL,O
Sentence: 59,US,O
Sentence: 59,AT,O
Sentence: 59,STARHELP@TRENT,O
Sentence: 59,-,O
Sentence: 59,TATA.COM,O
Sentence: 59,NET,O
Sentence: 59,QUANTITY,O
Sentence: 59,:,O
Sentence: 59,MRP,O
Sentence: 59,(,O
Sentence: 59,inclusive,O
Sentence: 59,of,O
Sentence: 59,all,O
Sentence: 59,taxes,O
Sentence: 59,),O
Sentence: 59,UNIT,O
Sentence: 59,SALE,O
Sentence: 59,PRICER,O
Sentence: 59,Aloo,O
Sentence: 59,Bhujia,O
Sentence: 59,BATCH,O
Sentence: 59,NO,O
Sentence: 59,.,O
Sentence: 59,:,O
Sentence: 59,Crisp,O
Sentence: 59,&,O
Sentence: 59,Chatpata,O
Sentence: 59,PACKED,O
Sentence: 59,ON,O
Sentence: 59,:,O
Sentence: 59,USE,O
Sentence: 59,BY,O
Sentence: 59,:,O
Sentence: 59,TRY,O
Sentence: 59,OUR,O
Sentence: 59,MOONG,B-PRODUCT
Sentence: 59,DAL,I-PRODUCT
Sentence: 59,BHUJIA,I-PRODUCT
Sentence: 59,SEV,O
Sentence: 59,350,O
Sentence: 59,g,O
Sentence: 59,i407/224,O
Sentence: 59,A,O
Sentence: 59,VATA,O
Sentence: 59,Foduct,O
Sentence: 59,FAESTA,O
Sentence: 59,Moong,O
Sentence: 59,Dal,O
Sentence: 59,o,O
Sentence: 59,Sis,O
Sentence: 59,AW,O
Sentence: 59,2847,O
Sentence: 59,26252,O
Sentence: 59,.,O
Sentence: 59,Vats,O
Sentence: 60,gsk,O
Sentence: 60,EAXERPACKO,O
Sentence: 60,FASTRELIEFFROMACIDTY,O
Sentence: 60,ENO,O
Sentence: 60,HSRNsECONDS,O
Sentence: 60,LEMON,O
Sentence: 60,FLAVOUR,O
Sentence: 60,Fruit,O
Sentence: 60,Salt,O
Sentence: 60,6,O
Sentence: 60,SACHETS,O
Sentence: 61,PHENI,B-PRODUCT
Sentence: 61,FINE,O
Sentence: 61,INDIAN,O
Sentence: 61,CONFECTIONS,O
Sentence: 61,RLSVL,O
Sentence: 61,TVAO,O
Sentence: 61,N,O
Sentence: 61,ANAND,O
Sentence: 61,TASTE,O
Sentence: 62,serving,O
Sentence: 62,suggestion,O
Sentence: 62,BAKING,B-PRODUCT
Sentence: 62,SODA,I-PRODUCT
Sentence: 62,No,O
Sentence: 62,added,O
Sentence: 62,Preservative,O
Sentence: 62,or,O
Sentence: 62,Colour,O
Sentence: 62,Goodness,O
Sentence: 62,Inside,O
Sentence: 62,provmsdds,O
Sentence: 62,Dessert,O
Sentence: 62,Net,O
Sentence: 62,wt,O
Sentence: 62,:,O
Sentence: 62,100,O
Sentence: 62,g,O
Sentence: 63,onigina,B-BRAND
Sentence: 63,PREMIUM,O
Sentence: 63,INSTANT,O
Sentence: 63,COFFEE,B-PRODUCT
Sentence: 64,PANTENE,B-BRAND
Sentence: 64,HAIR,O
Sentence: 64,SCIENCE,O
Sentence: 64,PROV,O
Sentence: 64,SILKY,O
Sentence: 64,SMOOTH,O
Sentence: 64,INTENSELY,O
Sentence: 64,HYDRATES,O
Sentence: 64,FOR,O
Sentence: 64,SMOOTH,O
Sentence: 64,",",O
Sentence: 64,FRIZZ,O
Sentence: 64,TAMED,O
Sentence: 64,HAIR,O
Sentence: 64,*,O
Sentence: 64,WITH,O
Sentence: 64,PRO,O
Sentence: 64,-,O
Sentence: 64,V,O
Sentence: 64,+,O
Sentence: 64,VITAMINE,O
Sentence: 64,SHAMPOO,B-PRODUCT
Sentence: 64,21005197,O
Sentence: 65,CLOROX,B-BRAND
Sentence: 65,Disinfecting,B-PRODUCT
Sentence: 65,Wipes,I-PRODUCT
Sentence: 65,Kills,O
Sentence: 65,99.9,O
Sentence: 65,%,O
Sentence: 65,of,O
Sentence: 65,Viruses,O
Sentence: 65,&,O
Sentence: 65,Bacteria,O
Sentence: 65,Fresh,O
Sentence: 65,Scent,O
Sentence: 65,Safe,O
Sentence: 65,on,O
Sentence: 65,Finished,O
Sentence: 65,VWood,O
Sentence: 65,",",O
Sentence: 65,Sealed,O
Sentence: 65,Granite,O
Sentence: 65,and,O
Sentence: 65,Stainless,O
Sentence: 65,Steel,O
Sentence: 66,LA,B-BRAND
Sentence: 66,SHIELD,I-BRAND
Sentence: 66,EXPERT,I-BRAND
Sentence: 66,URBAN,I-BRAND
Sentence: 66,PROTECT,O
Sentence: 66,MINERAL,O
Sentence: 66,SUNSCREEN,B-PRODUCT
Sentence: 66,GEL,O
Sentence: 66,POLLUTION,O
Sentence: 66,PROTECT,O
Sentence: 66,SPF,O
Sentence: 66,50,O
Sentence: 66,PA+++,O
Sentence: 66,UVA,O
Sentence: 66,-,O
Sentence: 66,UVB,O
Sentence: 66,UV,O
Sentence: 66,and,O
Sentence: 66,Pollution,O
Sentence: 66,defense,O
Sentence: 66,Lightweight,O
Sentence: 66,and,O
Sentence: 66,oil,O
Sentence: 66,-,O
Sentence: 66,free,O
Sentence: 66,Moisture,O
Sentence: 66,boost,O
Sentence: 66,formula,O
Sentence: 66,Dermatologically,O
Sentence: 66,Tested,O
Sentence: 66,Suitable,O
Sentence: 66,For,O
Sentence: 66,All,O
Sentence: 66,Skin,O
Sentence: 66,Types,O
Sentence: 67,Surf,B-BRAND
Sentence: 67,excel,I-BRAND
Sentence: 67,EASY,O
Sentence: 67,WASH,O
Sentence: 67,Removes,O
Sentence: 67,Tough,O
Sentence: 67,Stains,O
Sentence: 67,Easily,O
Sentence: 68,B,B-BRAND
Sentence: 68,ROYAL,I-BRAND
Sentence: 68,TM,O
Sentence: 68,Organic,O
Sentence: 68,eat,O
Sentence: 68,healthy,O
Sentence: 68,Certified,O
Sentence: 68,by,O
Sentence: 68,:,O
Sentence: 68,AASHIRVAAD,O
Sentence: 68,MADE,O
Sentence: 68,FROM,O
Sentence: 68,NATURAL,O
Sentence: 68,IODIZED,O
Sentence: 68,SALT,O
Sentence: 68,SEA,O
Sentence: 68,SALT,O
Sentence: 68,CRYSTALS,O
Sentence: 68,.,O
Sentence: 68,For,O
Sentence: 68,normal,O
Sentence: 68,lgrowth,O
Sentence: 68,and,O
Sentence: 68,brain,O
Sentence: 68,function,
Sentence: 69,ORGANC,O
Sentence: 69,NUTS,O
Sentence: 69,Â©,O
Sentence: 69,A,O
Sentence: 69,CALIFORNIA,O
Sentence: 69,",",B-BRAND
Sentence: 69,ALMOND,O
Sentence: 69,DELICIOUS,O
Sentence: 69,SOURCE,O
Sentence: 69,OF,O
Sentence: 69,DIETARY,O
Sentence: 69,FIBRE,O
Sentence: 69,GROSS,O
Sentence: 69,CONTENT,O
Sentence: 69,500,O
Sentence: 69,GRAMS,
Sentence: 70,7ZIP,O
Sentence: 70,LOCK,O
Sentence: 70,>,B-BRAND
Sentence: 70,Brooke,I-BRAND
Sentence: 70,Bond,O
Sentence: 70,(,O
Sentence: 70,Red,O
Sentence: 70,Cabel,
Sentence: 71,Farmley,O
Sentence: 71,NO,O
Sentence: 71,ADULTERATION,O
Sentence: 71,ALL,O
Sentence: 71,NATURAL,O
Sentence: 71,PREMIUM,B-PRODUCT
Sentence: 71,WALNUTS,I-PRODUCT
Sentence: 71,GOURMET,O
Sentence: 71,~BROKEN,O
Sentence: 71,~,O
Sentence: 71,NUTRITIOUS,O
Sentence: 71,&,O
Sentence: 71,CRUNCHIER,O
Sentence: 71,VACUUM,O
Sentence: 71,PACKED,O
Sentence: 71,HIGH,O
Sentence: 71,IN,O
Sentence: 71,OMEGA3,O
Sentence: 71,100,O
Sentence: 71,%,O
Sentence: 71,NATURAL,O
Sentence: 71,Net,O
Sentence: 71,Wt,O
Sentence: 71,.,O
Sentence: 71,2009,
Sentence: 72,RAISINS,O
Sentence: 72,Vedaka,
Sentence: 73,Colgate,O
Sentence: 73,MEGA,O
Sentence: 73,Maxfresh,O
Sentence: 73,wHCOOLING,O
Sentence: 73,CRYSTALS,O
Sentence: 73,NEW,O
Sentence: 73,10X,O
Sentence: 73,LONGER,O
Sentence: 73,LASTING,O
Sentence: 73,cooLING,O
Sentence: 73,"""",O
Sentence: 73,PEPPERMINT,O
Sentence: 73,ICE,O
Sentence: 73,SAVER,O
Sentence: 73,300,O
Sentence: 73,g,O
Sentence: 73,2x,O
Sentence: 73,150,O
Sentence: 73,g,
Sentence: 74,Fiona,I-BRAND
Sentence: 74,Refined,B-PRODUCT
Sentence: 74,Sunflower,I-PRODUCT
Sentence: 74,oil,O
Sentence: 74,UPTO,O
Sentence: 74,VITO,O
Sentence: 74,50,O
Sentence: 74,.,O
Sentence: 74,PROTECT,O
Sentence: 74,HIGHER,O
Sentence: 74,VITAMINS,O
Sentence: 74,TRANSFER,O
Sentence: 74,TO,O
Sentence: 74,YOUR,O
Sentence: 74,FOOD,
Sentence: 75,Active,O
Sentence: 75,Wheel,O
Sentence: 75,2in1,O
Sentence: 75,Clean,O
Sentence: 75,&,O
Sentence: 75,Fresh,
Sentence: 76,WORLD,O
Sentence: 76,'S,O
Sentence: 76,NO,O
Sentence: 76,.,O
Sentence: 76,Honey,O
Sentence: 76,Grade,O
Sentence: 76,Special,B-BRAND
Sentence: 76,Dabur,B-PRODUCT
Sentence: 76,Honey,O
Sentence: 76,100,O
Sentence: 76,%,O
Sentence: 76,PURITY,O
Sentence: 76,GUARANTEED,O
Sentence: 76,As,O
Sentence: 76,per,O
Sentence: 76,global,O
Sentence: 76,syndicate,O
Sentence: 76,study,O
Sentence: 76,report,O
Sentence: 76,of,O
Sentence: 76,Honey,O
Sentence: 76,category,O
Sentence: 76,2021,O
Sentence: 76,-,O
Sentence: 76,2022,O
Sentence: 76,by,O
Sentence: 76,a,O
Sentence: 76,Market,O
Sentence: 76,Research,O
Sentence: 76,agency,O
Sentence: 76,",",O
Sentence: 76,Dabur,O
Sentence: 76,Honey,O
Sentence: 76,is,O
Sentence: 76,the,O
Sentence: 76,highest,O
Sentence: 76,seling,O
Sentence: 76,brand,O
Sentence: 76,by,O
Sentence: 76,volume,O
Sentence: 76,in,O
Sentence: 76,the,O
Sentence: 76,world,O
Sentence: 76,.,
Sentence: 77,2,O
Sentence: 77,PADS,O
Sentence: 77,Saveâ‚¹2,O
Sentence: 77,Scotch,B-BRAND
Sentence: 77,Brite,I-BRAND
Sentence: 77,Silver,I-BRAND
Sentence: 77,Sparks,I-BRAND
Sentence: 77,Superior,O
Sentence: 77,Cleaning,B-PRODUCT
Sentence: 77,Power,I-PRODUCT
Sentence: 78,KIRKLAND,B-BRAND
Sentence: 78,CALCIUM,O
Sentence: 78,600,O
Sentence: 78,mg,O
Sentence: 78,With,O
Sentence: 78,Vitamir,O
Sentence: 78,D3,O
Sentence: 78,For,O
Sentence: 78,Strong,O
Sentence: 78,Bones,O
Sentence: 78,and,O
Sentence: 78,Teetht,O
Sentence: 78,Vitamin,O
Sentence: 78,D,O
Sentence: 78,Assists,O
Sentence: 78,in,O
Sentence: 78,the,O
Sentence: 78,Absorption,O
Sentence: 78,of,O
Sentence: 78,Calcium,O
Sentence: 78,500,O
Sentence: 78,TABLETS,O
Sentence: 78,Dietary,B-PRODUCT
Sentence: 78,Supplement,I-PRODUCT
Sentence: 79,EVEREST,B-BRAND
Sentence: 79,Chhole,O
Sentence: 79,Masala,B-BRAND
Sentence: 79,Mxed,I-BRAND
Sentence: 79,Masala,I-BRAND
Sentence: 79,Powder,I-BRAND
Sentence: 80,BLUE,B-BRAND
Sentence: 80,BIRD,I-BRAND
Sentence: 80,The,O
Sentence: 80,taste,O
Sentence: 80,that,O
Sentence: 80,lingers,O
Sentence: 80,Baking,O
Sentence: 80,",",O
Sentence: 80,Soda,O
Sentence: 80,Serving,O
Sentence: 80,Suggestion,O
Sentence: 80,Net,O
Sentence: 80,WL,O
Sentence: 80,l00,O
Sentence: 80,g,O
Sentence: 80,ALL,O
Sentence: 80,PURPOSE,O
Sentence: 80,eET,O
Sentence: 80,RAISING,O
Sentence: 80,BAKING,O
Sentence: 80,ITEMS,O
Sentence: 80,STEAMED,O
Sentence: 80,DISNES,O
Sentence: 80,FRIED,B-PRODUCT
Sentence: 80,SNACKS,I-PRODUCT
Sentence: 80,100%Veg,O
Sentence: 80,.,O
Sentence: 81,Dabur,B-BRAND
Sentence: 81,Chyawanprash,B-PRODUCT
Sentence: 81,DOUBLE,O
Sentence: 81,Immunity,O
Sentence: 81,',O
Sentence: 81,Clinically,O
Sentence: 81,Tested,O
Sentence: 81,HELP,O
Sentence: 81,AWALEHA,O
Sentence: 82,SANDERS,B-BRAND
Sentence: 82,SMALL,O
Sentence: 82,BATCH,O
Sentence: 82,WONDERS,O
Sentence: 82,DARK,B-PRODUCT
Sentence: 82,CHOCOLATE,I-PRODUCT
Sentence: 82,Enlarged,O
Sentence: 82,to,O
Sentence: 82,o,O
Sentence: 82,testure,O
Sentence: 82,and,O
Sentence: 82,SEA,O
Sentence: 82,SALT,O
Sentence: 82,CARAMELS,O
Sentence: 82,NET,O
Sentence: 82,WT,O
Sentence: 82,.,O
Sentence: 82,36,O
Sentence: 82,0Z,O
Sentence: 82,(,O
Sentence: 82,1.02KG,O
Sentence: 82,),O
Sentence: 83,Amul,B-BRAND
Sentence: 83,malai,O
Sentence: 83,Paneer,B-PRODUCT
Sentence: 83,PANEER,O
Sentence: 83,PROTEIN,O
Sentence: 83,Amul,O
Sentence: 84,kÄ±sSan,B-BRAND
Sentence: 84,â‚¹,O
Sentence: 84,50/,O
Sentence: 84,0121,O
Sentence: 84,g,O
Sentence: 84,415,O
Sentence: 84,o,O
Sentence: 84,16/02124,O
Sentence: 84,15/11/24,O
Sentence: 84,FRESH,O
Sentence: 84,TOMATO,B-PRODUCT
Sentence: 84,KETCHUp,I-PRODUCT
Sentence: 84,FROM,O
Sentence: 84,THE,O
Sentence: 84,FARMER,O
Sentence: 84,.,O
Sentence: 84,DO5,O
Sentence: 84,Â°,O
Sentence: 84,9,O
Sentence: 84,à¥¤,O
Sentence: 84,2,O
Sentence: 84,14,O
Sentence: 84,20,O
Sentence: 84,SINCE,O
Sentence: 84,1934,O
Sentence: 84,.,O
Sentence: 84,100,O
Sentence: 84,%,O
Sentence: 84,REA,O
Sentence: 84,OMA,O
Sentence: 84,Per,O
Sentence: 84,Seve,O
Sentence: 84,(,O
Sentence: 84,150,O
Sentence: 84,),O
Sentence: 84,20,O
Sentence: 84,19,O
Sentence: 84,),O
Sentence: 84,ONLY,O
Sentence: 84,BRAND,O
Sentence: 84,NAME,O
Sentence: 84,&,O
Sentence: 84,DOESNT,O
Sentence: 84,REPRESENT,O
Sentence: 84,ITS,O
Sentence: 84,TRUE,O
Sentence: 84,NATURE,O
Sentence: 84,.,O
Sentence: 85,Aveeno,B-BRAND
Sentence: 85,.,O
Sentence: 85,Daily,O
Sentence: 85,Moisturizing,O
Sentence: 85,BODY,B-PRODUCT
Sentence: 85,LOTION,I-PRODUCT
Sentence: 85,Intensely,O
Sentence: 85,Nourishes,O
Sentence: 85,Dry,O
Sentence: 85,Skin,O
Sentence: 85,Clinically,O
Sentence: 85,-,O
Sentence: 85,proven,O
Sentence: 85,moisturization,O
Sentence: 85,that,O
Sentence: 85,lasts,O
Sentence: 85,24,O
Sentence: 85,hours,O
Sentence: 85,FRAGRANCE,O
Sentence: 85,FREE,O
Sentence: 85,ATOLO,O
Sentence: 85,COMMENDEO,O
Sentence: 85,BRAND,O
Sentence: 85,20,O
Sentence: 85,fl,O
Sentence: 85,oz,O
Sentence: 85,(,O
Sentence: 85,591,O
Sentence: 85,ml,O
Sentence: 85,),O
Sentence: 85,PREBIOT,O
Sentence: 85,30052130,O
Sentence: 85,TIC,O
Sentence: 85,OAT,O
Sentence: 86,AYURVEDA,B-BRAND
Sentence: 86,ITONE,O
Sentence: 86,EYE,B-PRODUCT
Sentence: 86,DROPS,I-PRODUCT
Sentence: 86,EYE,O
Sentence: 86,DROPS,O
Sentence: 86,Keeps,O
Sentence: 86,eyes,O
Sentence: 86,cool,O
Sentence: 86,",",O
Sentence: 86,lustrous,O
Sentence: 86,and,O
Sentence: 86,healthy,O
Sentence: 86,.,O
Sentence: 86,Clears,O
Sentence: 86,the,O
Sentence: 86,vision,O
Sentence: 86,.,O
Sentence: 86,Net,O
Sentence: 86,Qty,O
Sentence: 86,.,O
Sentence: 86,:,O
Sentence: 86,10,O
Sentence: 86,mnl,O
Sentence: 87,Extra,O
Sentence: 87,-,O
Sentence: 87,Shining,O
Sentence: 87,Dy,O
Sentence: 87,Zero,O
Sentence: 87,Wastage,O
Sentence: 87,DewFres,B-BRAND
Sentence: 87,â„¢,O
Sentence: 87,3x,O
Sentence: 87,Extra,O
Sentence: 87,-,O
Sentence: 87,Gleanig,O
Sentence: 87,DISH,B-PRODUCT
Sentence: 87,WASH,I-PRODUCT
Sentence: 87,BAR,I-PRODUCT
Sentence: 87,GINGER+LEMON,O
Sentence: 87,FREE,O
Sentence: 87,SCRUBBER,O
Sentence: 87,INSIDE,O
Sentence: 87,WORTH,O
Sentence: 87,R,O
Sentence: 87,10,O
Sentence: 87,eanirgN,O
Sentence: 87,Monthly,O
Sentence: 87,Pack,O
Sentence: 88,Papar,B-BRAND
Sentence: 88,boat,I-BRAND
Sentence: 88,SwING,O
Sentence: 88,Juicier,B-BRAND
Sentence: 88,Drink,I-BRAND
Sentence: 88,Zesty,O
Sentence: 88,Pomegranate,O
Sentence: 89,Farmley,B-BRAND
Sentence: 89,CLASSIC,O
Sentence: 89,SALTED,B-PRODUCT
Sentence: 89,CASHEVWS,I-PRODUCT
Sentence: 89,CHOLESTEROL,O
Sentence: 89,FREE,O
Sentence: 89,19,O
Sentence: 89,%,O
Sentence: 89,PROTEIN,O
Sentence: 89,CONTENT,O
Sentence: 89,ROASTED,O
Sentence: 89,IN,O
Sentence: 89,0,O
Sentence: 89,%,O
Sentence: 89,OIL,O
Sentence: 89,),O
Sentence: 90,Per,O
Sentence: 90,Sereyt,O
Sentence: 90,86,O
Sentence: 90,Made,O
Sentence: 90,With,O
Sentence: 90,Dal,O
Sentence: 90,",",O
Sentence: 90,Corn,O
Sentence: 90,&,O
Sentence: 90,Rice,O
Sentence: 90,Kurkure,B-PRODUCT
Sentence: 90,CHiLLi,O
Sentence: 90,CHATKA,O
Sentence: 90,INAMKEEN,O
Sentence: 90,TCHEA,
Sentence: 91,Sunfeast,O
Sentence: 91,farmlite,O
Sentence: 91,No,O
Sentence: 91,Maida,O
Sentence: 91,+,O
Sentence: 91,Source,O
Sentence: 91,ofFibre,B-PRODUCT
Sentence: 91,Oats,I-PRODUCT
Sentence: 91,Cookies,O
Sentence: 91,BISCUITS,O
Sentence: 91,&,O
Sentence: 91,Chocolate,O
Sentence: 91,Mode,O
Sentence: 91,rom,O
Sentence: 91,AASHIRVAAD,O
Sentence: 91,Afo,
Sentence: 92,INDIA,O
Sentence: 92,'S,O
Sentence: 92,No.1,O
Sentence: 92,SELLING,O
Sentence: 92,SUNFLOWER,B-PRODUCT
Sentence: 92,OIL,I-PRODUCT
Sentence: 92,Freedom,B-BRAND
Sentence: 92,Refined,O
Sentence: 92,Sunflower,O
Sentence: 92,Oi,O
Sentence: 92,nic,O
Sentence: 92,acid,O
Sentence: 92,tha,O
Sentence: 92,heps,O
Sentence: 92,Freedom,O
Sentence: 92,to,O
Sentence: 92,eat,O
Sentence: 92,.,O
Sentence: 92,Freedom,O
Sentence: 92,to,O
Sentence: 92,enjoy,O
Sentence: 92,Contains,O
Sentence: 92,inole,O
Sentence: 92,acihe,O
Sentence: 92,bbe,O
Sentence: 92,aintair,O
Sentence: 92,"""",O
Sentence: 92,Contains,O
Sentence: 92,tocaoherle,O
Sentence: 92,whik,O
Sentence: 92,a,O
Sentence: 92,mbaralAetioriinb,O
Sentence: 93,Maggi,B-BRAND
Sentence: 93,Nuti,O
Sentence: 93,-,O
Sentence: 93,licious,O
Sentence: 93,masala,O
Sentence: 93,VEG,O
Sentence: 93,ATTA,O
Sentence: 93,noodles,B-PRODUCT
Sentence: 93,72.5,O
Sentence: 93,g,O
Sentence: 93,20,O
Sentence: 93,Pi,O
Sentence: 94,mamaearth,B-BRAND
Sentence: 94,moisturizing,O
Sentence: 94,bathing,B-PRODUCT
Sentence: 94,bar,I-PRODUCT
Sentence: 94,for,O
Sentence: 94,babies,O
Sentence: 94,Goat,O
Sentence: 94,Milk,O
Sentence: 94,",",O
Sentence: 94,Oatmeal,O
Sentence: 94,Shea,O
Sentence: 94,Butter,O
Sentence: 94,SLS,O
Sentence: 94,/,O
Sentence: 94,SLES,O
Sentence: 94,&,O
Sentence: 94,Paraben,O
Sentence: 94,Free,O
Sentence: 94,Toxin,O
Sentence: 94,Feee,O
Sentence: 94,Oermatologicaliy,O
Sentence: 94,Tested,O
Sentence: 94,months,O
Sentence: 94,Net,O
Sentence: 94,Wt,O
Sentence: 94,.,O
Sentence: 94,7sg,O
Sentence: 94,x2,O
Sentence: 94,/264,O
Sentence: 94,0Z,O
Sentence: 94,x2,O
Sentence: 94,5.5,O
Sentence: 94,),O
Sentence: 94,pH,O
Sentence: 94,S5,O
Sentence: 95,malava,B-BRAND
Sentence: 95,SINCEI93,O
Sentence: 95,0,O
Sentence: 95,gentle,O
Sentence: 95,baby,B-PRODUCT
Sentence: 95,shampo0,I-PRODUCT
Sentence: 95,FREE,O
Sentence: 95,FROM,O
Sentence: 95,SSES,O
Sentence: 95,Synthetic,O
Sentence: 95,Colour,O
Sentence: 95,Mild,O
Sentence: 95,.,O
Sentence: 95,No,O
Sentence: 95,tears,O
Sentence: 95,.,O
Sentence: 95,Softens,O
Sentence: 95,nourishes,O
Sentence: 95,and,O
Sentence: 95,improves,O
Sentence: 95,hair,O
Sentence: 95,lustre,O
Sentence: 95,.,O
Sentence: 95,HiBIscus,O
Sentence: 95,â€¢,O
Sentence: 95,CHICKPEA,B-PRODUCT
Sentence: 95,Clinically,O
Sentence: 95,tested,O
Sentence: 95,.,O
Sentence: 95,Hypoallergenic,O
Sentence: 95,.,O
Sentence: 95,NO,O
Sentence: 95,S0254SS,O
Sentence: 95,Pure,O
Sentence: 95,Gentle,O
Sentence: 95,Safe,O
Sentence: 96,Qadbury,B-BRAND
Sentence: 96,Dairy,O
Sentence: 96,Mill,O
Sentence: 96,SILK,O
Sentence: 96,),O
Sentence: 96,CHOCOLATE,B-PRODUCT
Sentence: 97,inyJersey,B-BRAND
Sentence: 97,STRAWBERRY,O
Sentence: 97,FRUIT,O
Sentence: 97,YO0GHURT,B-PRODUCT
Sentence: 97,NET,O
Sentence: 97,QUANTIn,O
Sentence: 97,1008,O
Sentence: 98,MAKES,O
Sentence: 98,18,O
Sentence: 98,KHAMAN,O
Sentence: 98,DHOKLAS,O
Sentence: 98,3,O
Sentence: 98,.,O
Sentence: 98,Gits,O
Sentence: 98,SINCE,O
Sentence: 98,1963,O
Sentence: 98,Snack,B-PRODUCT
Sentence: 98,MIX,I-PRODUCT
Sentence: 98,KHAMAN,O
Sentence: 98,DHOKLA,O
Sentence: 98,20,O
Sentence: 98,NO,O
Sentence: 98,ADDED,O
Sentence: 98,PRESERVATIVES,O
Sentence: 98,ARTIFICIAL,O
Sentence: 98,",",O
Sentence: 98,FLAVOURS,O
Sentence: 98,&,O
Sentence: 98,OcoLOURS,O
Sentence: 98,NETIWT,O
Sentence: 98,180,O
Sentence: 98,g,O
Sentence: 99,KEYAA,B-BRAND
Sentence: 99,CHICKEN,B-PRODUCT
Sentence: 99,PICKLE,I-PRODUCT
Sentence: 99,40,O
Sentence: 99,%,O
Sentence: 99,Meat,O
Sentence: 99,Chá»¥,O
Sentence: 99,2,O
Sentence: 99,No,O
Sentence: 99,Added,O
Sentence: 99,Col,O
Sentence: 100,18:13,O
Sentence: 100,LACTOGEN,B-PRODUCT
Sentence: 100,Nestle,B-BRAND
Sentence: 100,Follow,O
Sentence: 100,-,O
Sentence: 100,up,O
Sentence: 100,formula,O
Sentence: 100,with,O
Sentence: 100,probiotic,O
Sentence: 100,2,O
Sentence: 100,|||,O
Sentence: 100,ACTOGEN,O
Sentence: 100,PRO,O
Sentence: 100,IMPORTANT,O
Sentence: 100,NOTICE,O
Sentence: 100,:,O
Sentence: 100,MOTHER,O
Sentence: 100,'S,O
Sentence: 100,MILK,O
Sentence: 100,IS,O
Sentence: 100,BEST,O
Sentence: 100,FOR,O
Sentence: 100,YOUR,O
Sentence: 100,BABY,O
Sentence: 100,.,O
Sentence: 100,PACK,O
Sentence: 100,CHANGE,O
Sentence: 100,2,O
Sentence: 100,ACIOGEN,O
Sentence: 100,guull,B-BRAND
Sentence: 100,l72,O
Sentence: 100,%,O
Sentence: 100,LACTOGEN,B-PRODUCT
Sentence: 100,2,O
Sentence: 100,Probiotic,O
Sentence: 100,L.reuteri,O
Sentence: 100,After,O
Sentence: 100,6,O
Sentence: 100,months,O
Sentence: 100,Upto,O
Sentence: 100,12,O
Sentence: 100,months,O
Sentence: 100,NUTRTION,O
Sentence: 100,NHOBMADoM,O
Sentence: 101,Dabur,B-BRAND
Sentence: 101,REDCel,O
Sentence: 101,RED,O
Sentence: 101,Gel,O
Sentence: 101,12,O
Sentence: 101,),O
Sentence: 101,Ayurvedic,B-PRODUCT
Sentence: 101,Gel,I-PRODUCT
Sentence: 101,for,O
Sentence: 101,Freshness,O
Sentence: 101,Effective,O
Sentence: 101,Oral,O
Sentence: 101,Care,O
Sentence: 101,AYURVEDC,O
Sentence: 101,HERBS,O
Sentence: 101,eD,O
Sentence: 101,Rul,O
Sentence: 101,l,O
Sentence: 101,71,O
Sentence: 101,%,O
Sentence: 101,12,O
Sentence: 102,MEGA,O
Sentence: 102,SAVER,O
Sentence: 102,PACK,O
Sentence: 102,2x200,O
Sentence: 102,g,O
Sentence: 102,Dabur,B-BRAND
Sentence: 102,MESWAK,O
Sentence: 102,Buy,O
Sentence: 102,PURE,O
Sentence: 102,MISWAK,O
Sentence: 102,EXTRACT,O
Sentence: 102,0,O
Sentence: 102,%,O
Sentence: 102,FLUORIDE,O
Sentence: 102,|,O
Sentence: 102,PARABEN,O
Sentence: 102,|,O
Sentence: 102,TRICLOSAN,O
Sentence: 102,FORMALIN,O
Sentence: 102,Get,O
Sentence: 102,25/-or,O
Sentence: 102,TOOTHPASTE,B-PRODUCT
Sentence: 102,FOR,O
Sentence: 102,COMPLETE,O
Sentence: 102,TOOTH,O
Sentence: 102,&,O
Sentence: 102,GUM,O
Sentence: 102,CARE,O
Sentence: 102,Great,O
Sentence: 102,Mouth,O
Sentence: 102,Feel,O
Sentence: 102,O,O
Sentence: 102,GERM,O
Sentence: 102,PROTECTION,O
Sentence: 102,PROTECTS,O
Sentence: 102,GUM,O
Sentence: 102,9,O
Sentence: 102,ANTI,O
Sentence: 102,-,O
Sentence: 102,INFLAMMATORY,O
Sentence: 102,O,O
Sentence: 102,FIGHTS,O
Sentence: 102,TOOTH,O
Sentence: 102,DECAY,O
Sentence: 102,PREVENTS,O
Sentence: 102,BAD,O
Sentence: 102,BREATH,O
Sentence: 102,O,O
Sentence: 102,FIGHTs,O
Sentence: 102,PLAQUE,O
Sentence: 103,Hansaplast,B-BRAND
Sentence: 103,|||,O
Sentence: 103,Hansaplast,O
Sentence: 103,COTTON,B-PRODUCT
Sentence: 103,CREPE,O
Sentence: 103,BANDAGE,O
Sentence: 103,B.,O
Sentence: 103,?,O
Sentence: 103,Uifers,O
Sentence: 103,firm,O
Sentence: 103,compression,O
Sentence: 103,&,O
Sentence: 103,warmth,O
Sentence: 103,Supports,O
Sentence: 103,long,O
Sentence: 103,lasting,O
Sentence: 103,pain,O
Sentence: 103,relief,O
Sentence: 103,Skin,O
Sentence: 103,friendly,O
Sentence: 103,n,O
Sentence: 103,o,O
Sentence: 103,Rl,O
Sentence: 103,O71,O
Sentence: 103,%,O
Sentence: 103,H,O
Sentence: 103,BENEFITS,O
Sentence: 103,10,O
Sentence: 103,cm,O
Sentence: 103,8C1,O
Sentence: 103,Germany,O
Sentence: 103,'s,O
Sentence: 103,No.1,O
Sentence: 103,Brand,O
Sentence: 103,HOW,O
Sentence: 103,To,O
Sentence: 103,USE,O
Sentence: 103,:,O
Sentence: 104,VICKS,B-BRAND
Sentence: 104,ZZZQuil,O
Sentence: 104,NATURA,O
Sentence: 104,NUTRACEUTICAL,B-PRODUCT
Sentence: 104,Melatonin,O
Sentence: 104,HELPS,O
Sentence: 104,YOU,O
Sentence: 104,FALL,O
Sentence: 104,ASLEEP,O
Sentence: 104,FAST,O
Sentence: 104,Blended,O
Sentence: 104,with,O
Sentence: 104,Chamomile,O
Sentence: 104,",",O
Sentence: 104,Vitamin,O
Sentence: 104,BÃ³,O
Sentence: 104,NONEXT,O
Sentence: 104,DAY,O
Sentence: 104,DROWSINESS,O
Sentence: 104,",",O
Sentence: 104,For,O
Sentence: 104,sDICTIVE,O
Sentence: 104,or,O
Sentence: 104,adults,O
Sentence: 104,only,O
Sentence: 104,NON,O
Sentence: 104,-,O
Sentence: 104,ADDICTIVE,O
Sentence: 104,n,O
Sentence: 104,o,O
Sentence: 104,Rl,O
Sentence: 104,O71,O
Sentence: 104,%,O
Sentence: 104,24,O
Sentence: 104,GUMMIES,B-PRODUCT
Sentence: 104,NAIALEPRS,O
Sentence: 105,EVITAL,B-BRAND
Sentence: 105,NEW,O
Sentence: 105,PACK,O
Sentence: 105,REVITAL,O
Sentence: 105,H,O
Sentence: 105,COMPLETE,O
Sentence: 105,MULTIVITAMIN,O
Sentence: 105,Improves,O
Sentence: 105,STAMINA,O
Sentence: 105,Enhances,O
Sentence: 105,ENERGY,O
Sentence: 105,Supports,O
Sentence: 105,IMMUNITY,O
Sentence: 105,Powered,O
Sentence: 105,with,O
Sentence: 105,Natural,O
Sentence: 105,Ginseng,O
Sentence: 105,30,O
Sentence: 105,Copsules,O
Sentence: 105,REVITAL,O
Sentence: 105,INDIAS,O
Sentence: 105,n,O
Sentence: 105,o,O
Sentence: 105,Rl,O
Sentence: 105,O71,O
Sentence: 105,%,O
Sentence: 105,No,O
Sentence: 105,.,O
Sentence: 105,UPPLEMsNT,O
Sentence: 105,MEN,O
Sentence: 105,REVITAL,O
Sentence: 106,clAsSMAte,B-PRODUCT
Sentence: 106,The,O
Sentence: 106,Dead,O
Sentence: 106,Sea,O
Sentence: 106,Jordan,O
Sentence: 106,a,O
Sentence: 106,gl071,O
Sentence: 106,%,O
Sentence: 106,sl02519l002358,O
Sentence: 107,REMOYES,O
Sentence: 107,TOUGH,O
Sentence: 107,STAINS,O
Sentence: 107,EVEN,O
Sentence: 107,IN,O
Sentence: 107,Before,O
Sentence: 107,3.2L,O
Sentence: 107,After,O
Sentence: 107,Packaging,O
Sentence: 107,May,O
Sentence: 107,Vary,O
Sentence: 107,NEW,O
Sentence: 107,FORMULA,O
Sentence: 107,-20,O
Sentence: 107,Surf,O
Sentence: 107,MINUTES,O
Sentence: 107,CrELE,O
Sentence: 107,excel,B-PRODUCT
Sentence: 107,MATIC,O
Sentence: 107,MEGA,O
Sentence: 107,PACK,O
Sentence: 107,tn,O
Sentence: 107,R,O
Sentence: 107,l,O
Sentence: 107,71,O
Sentence: 107,%,O
Sentence: 107,TOP,O
Sentence: 107,LOAD,O
Sentence: 107,SANS,O
Sentence: 107,EVEN,O
Sentence: 107,N,O
Sentence: 107,NINUTES,O
Sentence: 107,OF,O
Sentence: 107,A,O
Sentence: 107,TOP,O
Sentence: 107,LOAD,O
Sentence: 107,HACHME,O
Sentence: 108,ambi,O
Sentence: 108,pur,O
Sentence: 108,ROOM,O
Sentence: 108,FRESH,O
Sentence: 108,Moodtherapy,O
Sentence: 108,Collection,O
Sentence: 108,Relax,O
Sentence: 108,&,O
Sentence: 108,Unwind,O
Sentence: 108,Net,O
Sentence: 108,wt,O
Sentence: 108,:,O
Sentence: 109,Baygon,B-BRAND
Sentence: 109,MAX,O
Sentence: 109,COCKROACH,B-PRODUCT
Sentence: 109,KILLER,I-PRODUCT
Sentence: 109,LLS,O
Sentence: 109,DIARRHEA,O
Sentence: 109,&,O
Sentence: 109,D,O
Sentence: 109,SPREADING,O
Sentence: 109,MCKROACHES,O
Sentence: 109,MAXIWAND,O
Sentence: 109,REACHES,O
Sentence: 109,THE,O
Sentence: 110,0CEAN,B-BRAND
Sentence: 110,FISH,O
Sentence: 110,PUREPET,O
Sentence: 110,CAT,O
Sentence: 110,ADULT,O
Sentence: 110,Smart,O
Sentence: 110,food,O
Sentence: 110,for,O
Sentence: 110,a,O
Sentence: 110,smarter,O
Sentence: 110,pet,O
Sentence: 110,PUREPET,O
Sentence: 110,-Conplete,O
Sentence: 110,Food,B-PRODUCT
Sentence: 110,for,I-PRODUCT
Sentence: 110,Cat,I-PRODUCT
Sentence: 110,Aduli-,O
Sentence: 110,PUREPETLR,O
Sentence: 110,COMPLETE|Taurine,O
Sentence: 110,for,O
Sentence: 110,Healthy,O
Sentence: 110,Heart,O
Sentence: 110,.,O
Sentence: 110,FOOD,O
Sentence: 110,FOR,O
Sentence: 110,Healthy,O
Sentence: 110,Skin,O
Sentence: 110,&,O
Sentence: 110,Beautiful,O
Sentence: 110,Coat,O
Sentence: 110,.,O
Sentence: 110,CAT,O
Sentence: 110,Complete,O
Sentence: 110,Nutrition,O
Sentence: 111,Milly,B-BRAND
Sentence: 111,24,O
Sentence: 111,SLICES,B-PRODUCT
Sentence: 111,CHEESE,I-PRODUCT
Sentence: 111,SLICES,O
Sentence: 111,Net,O
Sentence: 111,Weight,O
Sentence: 111,:,O
Sentence: 111,480,O
Sentence: 111,g,O
Sentence: 111,0.53,O
Sentence: 111,KB,O
Sentence: 111,/,O
Sentence: 111,S,O
Sentence: 111,"""",O
Sentence: 111,Suggested,O
Sentence: 111,Serving,O
Sentence: 111,ony,O
Sentence: 111,26,O
Sentence: 112,SPICED,B-PRODUCT
Sentence: 112,BUTTERMILK,I-PRODUCT
Sentence: 112,9.00,O
Sentence: 112,Ne,O
Sentence: 112,l,O
Sentence: 112,26,O
Sentence: 112,),O
Sentence: 112,2pcs,O
Sentence: 112,Amu,B-BRAND
Sentence: 112,.,O
Sentence: 112,(,O
Sentence: 112,1L,O
Sentence: 112,),O
Sentence: 112,MAST,O
Sentence: 112,A5,O
Sentence: 112,MAST,O
Sentence: 112,KB,O
Sentence: 112,/,O
Sentence: 112,S,O
Sentence: 113,Partly,O
Sentence: 113,Skimmed,O
Sentence: 113,Fruit,O
Sentence: 113,Yogurt,B-PRODUCT
Sentence: 113,epigamia,B-BRAND
Sentence: 113,eplgmia,O
Sentence: 113,11.0,O
Sentence: 113,Ne,O
Sentence: 113,l,O
Sentence: 113,25,O
Sentence: 113,),O
Sentence: 113,KB,O
Sentence: 113,/,O
Sentence: 113,S,O
Sentence: 113,HIGH,O
Sentence: 113,PROTEIN,O
Sentence: 113,GREEK,O
Sentence: 113,YOGURT,O
Sentence: 113,alphonso,O
Sentence: 113,mango,O
Sentence: 113,ZERO,O
Sentence: 113,RESERNVATINE,O
Sentence: 114,modeRn,B-BRAND
Sentence: 114,moder,O
Sentence: 114,DeRn,O
Sentence: 114,Omilk,O
Sentence: 114,plus,O
Sentence: 114,bread,O
Sentence: 114,W,O
Sentence: 114,'s,O
Sentence: 114,Co,O
Sentence: 114,pach,O
Sentence: 114,is,O
Sentence: 114,pa,O
Sentence: 114,calcium,B-PRODUCT
Sentence: 114,power,I-PRODUCT
Sentence: 114,of,O
Sentence: 114,2thi,O
Sentence: 114,1alas,O
Sentence: 114,16.0,O
Sentence: 114,Ye,O
Sentence: 114,l,O
Sentence: 114,25,O
Sentence: 114,KB,O
Sentence: 114,/,O
Sentence: 114,S,O
Sentence: 115,BAREVR,O
Sentence: 115,2,O
Sentence: 115,iDY,B-BRAND
Sentence: 115,PANEER,B-PRODUCT
Sentence: 115,SOFT,O
Sentence: 115,&,O
Sentence: 115,CREAMYC,O
Sentence: 115,FROM,O
Sentence: 115,NATURAL,O
Sentence: 115,INGREDIENTS,O
Sentence: 115,MADE,O
Sentence: 115,WITH,O
Sentence: 115,LEMON,O
Sentence: 115,CONCENTRATE,O
Sentence: 115,Ã˜,O
Sentence: 115,),O
Sentence: 115,NO,O
Sentence: 115,ADOED,O
Sentence: 115,PRESERVATIVES,O
Sentence: 115,NOT,O
Sentence: 115,SYNTHETIC,O
Sentence: 115,ACIDS,O
Sentence: 115,GCONGITIONSwe,O
Sentence: 115,EEED,O
Sentence: 115,wONOSATURATO,O
Sentence: 115,FATTY,O
Sentence: 115,ACI,O
Sentence: 115,ANSAA,O
Sentence: 115,YADOS,O
Sentence: 115,THS,O
Sentence: 115,PACK,O
Sentence: 115,CoNTAINS,O
Sentence: 115,4,O
Sentence: 115,SERVINGS,O
Sentence: 115,NUTNTIONAL,O
Sentence: 115,FACTS,O
Sentence: 115,PER,O
Sentence: 115,100,O
Sentence: 115,WPOK,O
Sentence: 115,),O
Sentence: 115,),O
Sentence: 115,PREMIUM,O
Sentence: 115,INGREDIENTS,O
Sentence: 115,D,O
Sentence: 115,OPEy,O
Sentence: 115,754,O
Sentence: 115,OSTOCARE,O
Sentence: 115,DETAS,O
Sentence: 115,OFRES,O
Sentence: 115,FO00,O
Sentence: 115,Sie,O
Sentence: 115,AVALA,O
Sentence: 115,VLA,O
Sentence: 115,KASARA,O
Sentence: 115,NOL,O
Sentence: 115,ATTIELE,O
Sentence: 115,FSSAL,O
Sentence: 115,LIC,O
Sentence: 115,NO,O
Sentence: 115,",",O
Sentence: 115,10021043000120,O
Sentence: 115,Www.oFREO0D,O
Sentence: 115,RESHFOOD.COM,O
Sentence: 115,SURVEY,O
Sentence: 115,NO,O
Sentence: 115,.,O
Sentence: 115,21/0,O
Sentence: 115,",",O
Sentence: 115,NCHOLVLAGE,O
Sentence: 115,",",O
Sentence: 115,NEAR,O
Sentence: 115,IOUANEWAL,O
Sentence: 115,FSSAL,O
Sentence: 115,LIC,O
Sentence: 115,.,O
Sentence: 115,NO,O
Sentence: 115,10018022008962,O
Sentence: 115,NET,O
Sentence: 115,QUANTITY,O
Sentence: 115,USE,O
Sentence: 115,BY,O
Sentence: 115,DATE,O
Sentence: 115,ONLOF,O
Sentence: 115,ALL,O
Sentence: 115,TAXES,O
Sentence: 115,12.0,O
Sentence: 115,N,O
Sentence: 115,KB,O
Sentence: 115,/,O
Sentence: 115,S,O
Sentence: 115,200,O
Sentence: 115,o,O
Sentence: 115,Ssai,O
Sentence: 115,A,O
Sentence: 115,),O
Sentence: 115,PASTEURISED,O
Sentence: 115,MILK,O
Sentence: 115,8,O
Sentence: 115,li906020580572,O
Sentence: 115,Lie,O
Sentence: 115,.,O
Sentence: 115,No,O
Sentence: 115,.,O
Sentence: 115,10021043000120,O
Sentence: 115,OTHER,O
Sentence: 115,MADE,O
Sentence: 115,IN,O
Sentence: 115,INDIA,O
Sentence: 115,2Pcs,O
Sentence: 115,25,O
Sentence: 115,(,O
Sentence: 115,200,O
Sentence: 115,g,O
Sentence: 115,),O
Sentence: 115,FANEER,O
